year,country_origin_id,country_destination_id,hs92_product_id,export_val,export_val_pct
2016,ARM,ALL,100190,5849,0.00033%
2016,ARM,ALL,110100,4500,0.00025%
2016,ARM,ALL,110311,21072,0.0012%
2016,ARM,ALL,110319,3963,0.00022%
2016,ARM,ALL,110321,721,0.000040%
2016,ARM,ALL,110429,66140,0.0037%
2016,ARM,ALL,110520,150,0.0000084%
2016,ARM,ALL,110813,322,0.000018%
2016,ARM,ALL,120400,385,0.000022%
2016,ARM,ALL,120740,124,0.0000069%
2016,ARM,ALL,120750,56,0.0000031%
2016,ARM,ALL,120791,622,0.000035%
2016,ARM,ALL,120929,3380,0.00019%
2016,ARM,ALL,120999,10,5.6e-7%
2016,ARM,ALL,121190,365514,0.020%
2016,ARM,ALL,121291,225,0.000013%
2016,ARM,ALL,121299,3746,0.00021%
2016,ARM,ALL,121490,15015,0.00084%
2016,ARM,ALL,130219,22440,0.0013%
2016,ARM,ALL,130232,91507,0.0051%
2016,ARM,ALL,130239,10508,0.00059%
2016,ARM,ALL,151211,3618,0.00020%
2016,ARM,ALL,151590,1126,0.000063%
2016,ARM,ALL,151620,600610,0.034%
2016,ARM,ALL,151790,82,0.0000046%
2016,ARM,ALL,151800,162,0.0000091%
2016,ARM,ALL,160100,919569,0.051%
2016,ARM,ALL,160231,12161,0.00068%
2016,ARM,ALL,160249,122060,0.0068%
2016,ARM,ALL,160250,220948,0.012%
2016,ARM,ALL,160412,2080,0.00012%
2016,ARM,ALL,160419,1972,0.00011%
2016,ARM,ALL,160420,1240938,0.069%
2016,ARM,ALL,160430,259473,0.015%
2016,ARM,ALL,160540,256299,0.014%
2016,ARM,ALL,170410,17385,0.00097%
2016,ARM,ALL,170490,1041404,0.058%
2016,ARM,ALL,180500,622,0.000035%
2016,ARM,ALL,180631,168294,0.0094%
2016,ARM,ALL,180632,126902,0.0071%
2016,ARM,ALL,180690,2882026,0.16%
2016,ARM,ALL,190190,71,0.0000040%
2016,ARM,ALL,190211,636,0.000036%
2016,ARM,ALL,190219,10340,0.00058%
2016,ARM,ALL,190230,12885,0.00072%
2016,ARM,ALL,190490,13198,0.00074%
2016,ARM,ALL,190510,4569,0.00026%
2016,ARM,ALL,190520,110,0.0000062%
2016,ARM,ALL,190530,528258,0.030%
2016,ARM,ALL,190540,798,0.000045%
2016,ARM,ALL,190590,768513,0.043%
2016,ARM,ALL,200110,140523,0.0079%
2016,ARM,ALL,200190,1090610,0.061%
2016,ARM,ALL,200210,259410,0.015%
2016,ARM,ALL,200290,893538,0.050%
2016,ARM,ALL,200310,151912,0.0085%
2016,ARM,ALL,200540,13084,0.00073%
2016,ARM,ALL,200559,38450,0.0022%
2016,ARM,ALL,200570,331629,0.019%
2016,ARM,ALL,200590,4415622,0.25%
2016,ARM,ALL,200600,35384,0.0020%
2016,ARM,ALL,200710,3378,0.00019%
2016,ARM,ALL,200799,2268152,0.13%
2016,ARM,ALL,200811,15977,0.00089%
2016,ARM,ALL,200819,1136608,0.064%
2016,ARM,ALL,200830,84,0.0000047%
2016,ARM,ALL,200840,77656,0.0043%
2016,ARM,ALL,200850,349477,0.020%
2016,ARM,ALL,200860,1237270,0.069%
2016,ARM,ALL,200870,359003,0.020%
2016,ARM,ALL,200880,232255,0.013%
2016,ARM,ALL,200892,73521,0.0041%
2016,ARM,ALL,200899,4286164,0.24%
2016,ARM,ALL,200911,24784,0.0014%
2016,ARM,ALL,200919,103369,0.0058%
2016,ARM,ALL,200920,7868,0.00044%
2016,ARM,ALL,200940,21124,0.0012%
2016,ARM,ALL,200950,252788,0.014%
2016,ARM,ALL,200960,551,0.000031%
2016,ARM,ALL,200970,295082,0.017%
2016,ARM,ALL,200980,889733,0.050%
2016,ARM,ALL,200990,84818,0.0047%
2016,ARM,ALL,210110,191349,0.011%
2016,ARM,ALL,210210,153,0.0000086%
2016,ARM,ALL,210320,322170,0.018%
2016,ARM,ALL,210330,2255,0.00013%
2016,ARM,ALL,210390,667449,0.037%
2016,ARM,ALL,210500,525265,0.029%
2016,ARM,ALL,210690,598925,0.034%
2016,ARM,ALL,220110,5773688,0.32%
2016,ARM,ALL,220190,503662,0.028%
2016,ARM,ALL,220210,1207753,0.068%
2016,ARM,ALL,220290,2072413,0.12%
2016,ARM,ALL,220300,1384183,0.077%
2016,ARM,ALL,220410,323456,0.018%
2016,ARM,ALL,220421,4999374,0.28%
2016,ARM,ALL,220429,498964,0.028%
2016,ARM,ALL,220600,4192237,0.23%
2016,ARM,ALL,220710,2786979,0.16%
2016,ARM,ALL,220820,140374109,7.9%
2016,ARM,ALL,220830,2942137,0.16%
2016,ARM,ALL,220850,27390,0.0015%
2016,ARM,ALL,220890,4656145,0.26%
2016,ARM,ALL,220900,365,0.000020%
2016,ARM,ALL,230230,8710,0.00049%
2016,ARM,ALL,230990,617209,0.035%
2016,ARM,ALL,240120,10718,0.00060%
2016,ARM,ALL,240210,1397,0.000078%
2016,ARM,ALL,240220,210591367,12%
2016,ARM,ALL,240290,400000,0.022%
2016,ARM,ALL,240310,95446,0.0053%
2016,ARM,ALL,240399,1172,0.000066%
2016,ARM,ALL,250100,41727,0.0023%
2016,ARM,ALL,250510,221,0.000012%
2016,ARM,ALL,250590,2,1.1e-7%
2016,ARM,ALL,250810,1102564,0.062%
2016,ARM,ALL,251200,2061153,0.12%
2016,ARM,ALL,251511,13641,0.00076%
2016,ARM,ALL,251512,94997,0.0053%
2016,ARM,ALL,251611,6328,0.00035%
2016,ARM,ALL,251612,235,0.000013%
2016,ARM,ALL,251690,611856,0.034%
2016,ARM,ALL,251749,126,0.0000071%
2016,ARM,ALL,252010,11685,0.00065%
2016,ARM,ALL,252020,13769,0.00077%
2016,ARM,ALL,252310,76,0.0000043%
2016,ARM,ALL,252321,23,0.0000013%
2016,ARM,ALL,252329,78,0.0000044%
2016,ARM,ALL,253010,747501,0.042%
2016,ARM,ALL,253090,690,0.000039%
2016,ARM,ALL,260300,370049693,21%
2016,ARM,ALL,260800,10506529,0.59%
2016,ARM,ALL,261310,1,5.6e-8%
2016,ARM,ALL,261390,938396,0.053%
2016,ARM,ALL,261690,31428861,1.8%
2016,ARM,ALL,261790,55,0.0000031%
2016,ARM,ALL,261800,25,0.0000014%
2016,ARM,ALL,262040,52996,0.0030%
2016,ARM,ALL,270300,273118,0.015%
2016,ARM,ALL,271000,6852,0.00038%
2016,ARM,ALL,271121,4077270,0.23%
2016,ARM,ALL,271500,2322,0.00013%
2016,ARM,ALL,271600,57072956,3.2%
2016,ARM,ALL,281121,136024,0.0076%
2016,ARM,ALL,281512,2200,0.00012%
2016,ARM,ALL,282110,1230,0.000069%
2016,ARM,ALL,282590,783,0.000044%
2016,ARM,ALL,282760,9200,0.00051%
2016,ARM,ALL,282911,1,5.6e-8%
2016,ARM,ALL,283010,147366,0.0082%
2016,ARM,ALL,283329,34601,0.0019%
2016,ARM,ALL,283410,1625,0.000091%
2016,ARM,ALL,283524,1,5.6e-8%
2016,ARM,ALL,283630,177,0.0000099%
2016,ARM,ALL,283650,3,1.7e-7%
2016,ARM,ALL,284310,13803,0.00077%
2016,ARM,ALL,284329,76506,0.0043%
2016,ARM,ALL,284440,222,0.000012%
2016,ARM,ALL,285100,73,0.0000041%
2016,ARM,ALL,290129,2750,0.00015%
2016,ARM,ALL,290219,1476,0.000083%
2016,ARM,ALL,290340,10778,0.00060%
2016,ARM,ALL,290359,3262,0.00018%
2016,ARM,ALL,290543,1,5.6e-8%
2016,ARM,ALL,290544,1,5.6e-8%
2016,ARM,ALL,290549,1,5.6e-8%
2016,ARM,ALL,290619,1000,0.000056%
2016,ARM,ALL,290920,3288,0.00018%
2016,ARM,ALL,291100,1312,0.000073%
2016,ARM,ALL,291229,1558,0.000087%
2016,ARM,ALL,291241,737,0.000041%
2016,ARM,ALL,291249,1200,0.000067%
2016,ARM,ALL,291429,1124,0.000063%
2016,ARM,ALL,291469,4664,0.00026%
2016,ARM,ALL,291619,2497,0.00014%
2016,ARM,ALL,291631,1,5.6e-8%
2016,ARM,ALL,291639,2,1.1e-7%
2016,ARM,ALL,291713,14977,0.00084%
2016,ARM,ALL,291719,10273,0.00057%
2016,ARM,ALL,291735,1476,0.000083%
2016,ARM,ALL,291814,70,0.0000039%
2016,ARM,ALL,291815,1,5.6e-8%
2016,ARM,ALL,291830,9398,0.00053%
2016,ARM,ALL,291900,1995,0.00011%
2016,ARM,ALL,292119,600,0.000034%
2016,ARM,ALL,292149,1,5.6e-8%
2016,ARM,ALL,292151,1466,0.000082%
2016,ARM,ALL,292229,2330,0.00013%
2016,ARM,ALL,292241,3390,0.00019%
2016,ARM,ALL,292249,16356,0.00092%
2016,ARM,ALL,292390,28327,0.0016%
2016,ARM,ALL,292429,760,0.000043%
2016,ARM,ALL,292519,1590,0.000089%
2016,ARM,ALL,292690,409,0.000023%
2016,ARM,ALL,292800,3098,0.00017%
2016,ARM,ALL,293040,61140,0.0034%
2016,ARM,ALL,293090,71111,0.0040%
2016,ARM,ALL,293100,22000,0.0012%
2016,ARM,ALL,293229,4,2.2e-7%
2016,ARM,ALL,293319,851,0.000048%
2016,ARM,ALL,293329,1,5.6e-8%
2016,ARM,ALL,293331,1571,0.000088%
2016,ARM,ALL,293340,2,1.1e-7%
2016,ARM,ALL,293390,4,2.2e-7%
2016,ARM,ALL,293490,8602,0.00048%
2016,ARM,ALL,293799,1,5.6e-8%
2016,ARM,ALL,294130,475,0.000027%
2016,ARM,ALL,300120,42,0.0000024%
2016,ARM,ALL,300190,66,0.0000037%
2016,ARM,ALL,300210,9475,0.00053%
2016,ARM,ALL,300220,61728,0.0035%
2016,ARM,ALL,300239,5869144,0.33%
2016,ARM,ALL,300290,172719,0.0097%
2016,ARM,ALL,300410,4329,0.00024%
2016,ARM,ALL,300420,84386,0.0047%
2016,ARM,ALL,300432,327803,0.018%
2016,ARM,ALL,300439,37159,0.0021%
2016,ARM,ALL,300440,23724,0.0013%
2016,ARM,ALL,300450,1478087,0.083%
2016,ARM,ALL,300490,5996021,0.34%
2016,ARM,ALL,300510,280,0.000016%
2016,ARM,ALL,300590,631304,0.035%
2016,ARM,ALL,300610,45386,0.0025%
2016,ARM,ALL,300630,46624,0.0026%
2016,ARM,ALL,300660,5280,0.00030%
2016,ARM,ALL,310100,2544,0.00014%
2016,ARM,ALL,310510,1,5.6e-8%
2016,ARM,ALL,320210,732,0.000041%
2016,ARM,ALL,320300,652,0.000036%
2016,ARM,ALL,320419,30996,0.0017%
2016,ARM,ALL,320490,1706,0.000095%
2016,ARM,ALL,320649,555,0.000031%
2016,ARM,ALL,320740,2946,0.00016%
2016,ARM,ALL,320820,2444,0.00014%
2016,ARM,ALL,320890,404,0.000023%
2016,ARM,ALL,320910,66258,0.0037%
2016,ARM,ALL,320990,11661,0.00065%
2016,ARM,ALL,321000,29,0.0000016%
2016,ARM,ALL,321290,1360,0.000076%
2016,ARM,ALL,321410,47046,0.0026%
2016,ARM,ALL,321490,798040,0.045%
2016,ARM,ALL,321519,439,0.000025%
2016,ARM,ALL,330113,1957,0.00011%
2016,ARM,ALL,330124,1307,0.000073%
2016,ARM,ALL,330125,1,5.6e-8%
2016,ARM,ALL,330129,10273,0.00057%
2016,ARM,ALL,330210,1,5.6e-8%
2016,ARM,ALL,330290,1,5.6e-8%
2016,ARM,ALL,330300,35934,0.0020%
2016,ARM,ALL,330410,14407,0.00081%
2016,ARM,ALL,330420,14140,0.00079%
2016,ARM,ALL,330430,1389,0.000078%
2016,ARM,ALL,330491,12709,0.00071%
2016,ARM,ALL,330499,129933,0.0073%
2016,ARM,ALL,330510,8344,0.00047%
2016,ARM,ALL,330590,36406,0.0020%
2016,ARM,ALL,330690,727237,0.041%
2016,ARM,ALL,330710,1159,0.000065%
2016,ARM,ALL,330720,619,0.000035%
2016,ARM,ALL,330749,4068,0.00023%
2016,ARM,ALL,330790,14842,0.00083%
2016,ARM,ALL,340111,7748,0.00043%
2016,ARM,ALL,340119,31,0.0000017%
2016,ARM,ALL,340120,485,0.000027%
2016,ARM,ALL,340212,2,1.1e-7%
2016,ARM,ALL,340220,95930,0.0054%
2016,ARM,ALL,340290,3329,0.00019%
2016,ARM,ALL,340319,1159,0.000065%
2016,ARM,ALL,340391,656,0.000037%
2016,ARM,ALL,340399,3121,0.00017%
2016,ARM,ALL,340490,112,0.0000063%
2016,ARM,ALL,340520,15346,0.00086%
2016,ARM,ALL,340600,67617,0.0038%
2016,ARM,ALL,340700,1611,0.000090%
2016,ARM,ALL,350210,40553,0.0023%
2016,ARM,ALL,350300,737,0.000041%
2016,ARM,ALL,350510,720,0.000040%
2016,ARM,ALL,350610,13804,0.00077%
2016,ARM,ALL,350691,259332,0.015%
2016,ARM,ALL,350699,61684,0.0035%
2016,ARM,ALL,350790,1072,0.000060%
2016,ARM,ALL,360410,7060,0.00040%
2016,ARM,ALL,370390,994,0.000056%
2016,ARM,ALL,380290,67958,0.0038%
2016,ARM,ALL,380810,2336,0.00013%
2016,ARM,ALL,380820,2287,0.00013%
2016,ARM,ALL,380830,22301,0.0012%
2016,ARM,ALL,380840,549,0.000031%
2016,ARM,ALL,380890,157,0.0000088%
2016,ARM,ALL,380910,1837,0.00010%
2016,ARM,ALL,381190,58,0.0000032%
2016,ARM,ALL,381400,3377,0.00019%
2016,ARM,ALL,382000,11205,0.00063%
2016,ARM,ALL,382200,6135,0.00034%
2016,ARM,ALL,382340,1119,0.000063%
2016,ARM,ALL,382350,162,0.0000091%
2016,ARM,ALL,382390,169905,0.0095%
2016,ARM,ALL,390190,375,0.000021%
2016,ARM,ALL,390390,6,3.4e-7%
2016,ARM,ALL,390511,325555,0.018%
2016,ARM,ALL,390519,3123,0.00017%
2016,ARM,ALL,390690,1060,0.000059%
2016,ARM,ALL,390710,5805,0.00032%
2016,ARM,ALL,390730,858,0.000048%
2016,ARM,ALL,390760,1083722,0.061%
2016,ARM,ALL,390810,22779,0.0013%
2016,ARM,ALL,390950,1335,0.000075%
2016,ARM,ALL,391231,1,5.6e-8%
2016,ARM,ALL,391239,4557,0.00026%
2016,ARM,ALL,391290,10,5.6e-7%
2016,ARM,ALL,391510,48213,0.0027%
2016,ARM,ALL,391620,802347,0.045%
2016,ARM,ALL,391690,665,0.000037%
2016,ARM,ALL,391710,66524,0.0037%
2016,ARM,ALL,391721,1497239,0.084%
2016,ARM,ALL,391722,58337,0.0033%
2016,ARM,ALL,391723,14671,0.00082%
2016,ARM,ALL,391729,33,0.0000018%
2016,ARM,ALL,391731,224,0.000013%
2016,ARM,ALL,391732,114790,0.0064%
2016,ARM,ALL,391733,143,0.0000080%
2016,ARM,ALL,391739,16610,0.00093%
2016,ARM,ALL,391740,39706,0.0022%
2016,ARM,ALL,391910,44924,0.0025%
2016,ARM,ALL,391990,4064,0.00023%
2016,ARM,ALL,392010,183222,0.010%
2016,ARM,ALL,392020,230559,0.013%
2016,ARM,ALL,392042,23777,0.0013%
2016,ARM,ALL,392051,33,0.0000018%
2016,ARM,ALL,392069,22664,0.0013%
2016,ARM,ALL,392071,916,0.000051%
2016,ARM,ALL,392112,4741,0.00027%
2016,ARM,ALL,392113,7203,0.00040%
2016,ARM,ALL,392190,15223,0.00085%
2016,ARM,ALL,392290,1641,0.000092%
2016,ARM,ALL,392310,14096,0.00079%
2016,ARM,ALL,392321,98210,0.0055%
2016,ARM,ALL,392329,53981,0.0030%
2016,ARM,ALL,392330,2134213,0.12%
2016,ARM,ALL,392340,19,0.0000011%
2016,ARM,ALL,392350,57297,0.0032%
2016,ARM,ALL,392390,279378,0.016%
2016,ARM,ALL,392410,5180,0.00029%
2016,ARM,ALL,392490,7889,0.00044%
2016,ARM,ALL,392510,91,0.0000051%
2016,ARM,ALL,392520,19653,0.0011%
2016,ARM,ALL,392530,22,0.0000012%
2016,ARM,ALL,392590,1226332,0.069%
2016,ARM,ALL,392610,100,0.0000056%
2016,ARM,ALL,392620,5787,0.00032%
2016,ARM,ALL,392630,2511,0.00014%
2016,ARM,ALL,392640,3109,0.00017%
2016,ARM,ALL,392690,89587,0.0050%
2016,ARM,ALL,400520,8423,0.00047%
2016,ARM,ALL,400591,15,8.4e-7%
2016,ARM,ALL,400700,1287,0.000072%
2016,ARM,ALL,400821,14342,0.00080%
2016,ARM,ALL,400829,1566,0.000088%
2016,ARM,ALL,400910,698,0.000039%
2016,ARM,ALL,400920,233,0.000013%
2016,ARM,ALL,400930,516,0.000029%
2016,ARM,ALL,400950,2522,0.00014%
2016,ARM,ALL,401010,1799,0.00010%
2016,ARM,ALL,401091,433,0.000024%
2016,ARM,ALL,401099,769,0.000043%
2016,ARM,ALL,401110,155836,0.0087%
2016,ARM,ALL,401120,7814,0.00044%
2016,ARM,ALL,401130,160,0.0000090%
2016,ARM,ALL,401410,40615,0.0023%
2016,ARM,ALL,401691,4212,0.00024%
2016,ARM,ALL,401693,12298,0.00069%
2016,ARM,ALL,401694,43,0.0000024%
2016,ARM,ALL,401695,989,0.000055%
2016,ARM,ALL,401699,10127,0.00057%
2016,ARM,ALL,410121,586648,0.033%
2016,ARM,ALL,410210,18295,0.0010%
2016,ARM,ALL,410221,53063,0.0030%
2016,ARM,ALL,410429,397006,0.022%
2016,ARM,ALL,410431,38008,0.0021%
2016,ARM,ALL,410519,268476,0.015%
2016,ARM,ALL,410710,7984,0.00045%
2016,ARM,ALL,410790,574,0.000032%
2016,ARM,ALL,420100,900,0.000050%
2016,ARM,ALL,420211,510414,0.029%
2016,ARM,ALL,420212,265787,0.015%
2016,ARM,ALL,420221,925772,0.052%
2016,ARM,ALL,420222,567411,0.032%
2016,ARM,ALL,420229,4487,0.00025%
2016,ARM,ALL,420231,599790,0.034%
2016,ARM,ALL,420232,24914,0.0014%
2016,ARM,ALL,420239,49339,0.0028%
2016,ARM,ALL,420291,265142,0.015%
2016,ARM,ALL,420292,140737,0.0079%
2016,ARM,ALL,420299,67489,0.0038%
2016,ARM,ALL,420310,921367,0.052%
2016,ARM,ALL,420321,188,0.000011%
2016,ARM,ALL,420329,429852,0.024%
2016,ARM,ALL,420330,141897,0.0079%
2016,ARM,ALL,420340,96,0.0000054%
2016,ARM,ALL,420500,902245,0.050%
2016,ARM,ALL,430110,567405,0.032%
2016,ARM,ALL,430310,314463,0.018%
2016,ARM,ALL,430390,16,9.0e-7%
2016,ARM,ALL,430400,7916,0.00044%
2016,ARM,ALL,440130,3,1.7e-7%
2016,ARM,ALL,440200,4461,0.00025%
2016,ARM,ALL,440792,738119,0.041%
2016,ARM,ALL,440799,175390,0.0098%
2016,ARM,ALL,440920,46644,0.0026%
2016,ARM,ALL,441129,21521,0.0012%
2016,ARM,ALL,441212,14700,0.00082%
2016,ARM,ALL,441400,1433,0.000080%
2016,ARM,ALL,441510,2010,0.00011%
2016,ARM,ALL,441520,901,0.000050%
2016,ARM,ALL,441600,237524,0.013%
2016,ARM,ALL,441700,4016,0.00022%
2016,ARM,ALL,441810,3641,0.00020%
2016,ARM,ALL,441820,91801,0.0051%
2016,ARM,ALL,441890,8740,0.00049%
2016,ARM,ALL,441900,365,0.000020%
2016,ARM,ALL,442010,625,0.000035%
2016,ARM,ALL,442090,2793,0.00016%
2016,ARM,ALL,442190,1159,0.000065%
2016,ARM,ALL,450310,1567,0.000088%
2016,ARM,ALL,450410,13,7.3e-7%
2016,ARM,ALL,460199,33,0.0000018%
2016,ARM,ALL,460290,4,2.2e-7%
2016,ARM,ALL,480252,154,0.0000086%
2016,ARM,ALL,480260,6,3.4e-7%
2016,ARM,ALL,480411,533,0.000030%
2016,ARM,ALL,480799,23,0.0000013%
2016,ARM,ALL,480810,2300,0.00013%
2016,ARM,ALL,480830,6,3.4e-7%
2016,ARM,ALL,480890,2,1.1e-7%
2016,ARM,ALL,481091,272,0.000015%
2016,ARM,ALL,481131,5,2.8e-7%
2016,ARM,ALL,481139,23806,0.0013%
2016,ARM,ALL,481320,162,0.0000091%
2016,ARM,ALL,481710,6075,0.00034%
2016,ARM,ALL,481720,202,0.000011%
2016,ARM,ALL,481810,478,0.000027%
2016,ARM,ALL,481820,1729,0.000097%
2016,ARM,ALL,481830,3136,0.00018%
2016,ARM,ALL,481840,74152,0.0042%
2016,ARM,ALL,481890,2500,0.00014%
2016,ARM,ALL,481910,116706,0.0065%
2016,ARM,ALL,481920,38200,0.0021%
2016,ARM,ALL,481930,17870,0.0010%
2016,ARM,ALL,481940,174514,0.0098%
2016,ARM,ALL,481950,4938,0.00028%
2016,ARM,ALL,481960,80,0.0000045%
2016,ARM,ALL,482010,5056,0.00028%
2016,ARM,ALL,482020,12,6.7e-7%
2016,ARM,ALL,482030,221,0.000012%
2016,ARM,ALL,482090,26,0.0000015%
2016,ARM,ALL,482110,64607,0.0036%
2016,ARM,ALL,482190,4419,0.00025%
2016,ARM,ALL,482311,727,0.000041%
2016,ARM,ALL,482360,17835,0.0010%
2016,ARM,ALL,482390,3149,0.00018%
2016,ARM,ALL,490110,8593,0.00048%
2016,ARM,ALL,490191,40,0.0000022%
2016,ARM,ALL,490199,51047,0.0029%
2016,ARM,ALL,490290,7298,0.00041%
2016,ARM,ALL,490300,16,9.0e-7%
2016,ARM,ALL,490700,426177,0.024%
2016,ARM,ALL,490890,228,0.000013%
2016,ARM,ALL,490900,197,0.000011%
2016,ARM,ALL,491000,3022,0.00017%
2016,ARM,ALL,491110,35421,0.0020%
2016,ARM,ALL,491191,41,0.0000023%
2016,ARM,ALL,491199,1770,0.000099%
2016,ARM,ALL,500720,3199,0.00018%
2016,ARM,ALL,511190,93,0.0000052%
2016,ARM,ALL,520411,1107,0.000062%
2016,ARM,ALL,520512,19134,0.0011%
2016,ARM,ALL,520612,7103,0.00040%
2016,ARM,ALL,520710,120,0.0000067%
2016,ARM,ALL,520790,139298,0.0078%
2016,ARM,ALL,520812,1484,0.000083%
2016,ARM,ALL,520813,284,0.000016%
2016,ARM,ALL,520819,667,0.000037%
2016,ARM,ALL,520821,104,0.0000058%
2016,ARM,ALL,520822,55111,0.0031%
2016,ARM,ALL,520829,11320,0.00063%
2016,ARM,ALL,520831,75,0.0000042%
2016,ARM,ALL,520832,20303,0.0011%
2016,ARM,ALL,520839,510,0.000029%
2016,ARM,ALL,520841,16979,0.00095%
2016,ARM,ALL,520842,171263,0.0096%
2016,ARM,ALL,520849,262,0.000015%
2016,ARM,ALL,520852,52096,0.0029%
2016,ARM,ALL,520859,2856,0.00016%
2016,ARM,ALL,520931,1264,0.000071%
2016,ARM,ALL,520932,3809,0.00021%
2016,ARM,ALL,520939,5451,0.00031%
2016,ARM,ALL,520942,362,0.000020%
2016,ARM,ALL,520949,328,0.000018%
2016,ARM,ALL,521031,1428,0.000080%
2016,ARM,ALL,521039,213,0.000012%
2016,ARM,ALL,521049,4760,0.00027%
2016,ARM,ALL,521129,996,0.000056%
2016,ARM,ALL,521132,70599,0.0040%
2016,ARM,ALL,521139,770,0.000043%
2016,ARM,ALL,521213,116,0.0000065%
2016,ARM,ALL,521214,71,0.0000040%
2016,ARM,ALL,521223,1002,0.000056%
2016,ARM,ALL,530919,40,0.0000022%
2016,ARM,ALL,540110,11830,0.00066%
2016,ARM,ALL,540220,53589,0.0030%
2016,ARM,ALL,540233,220,0.000012%
2016,ARM,ALL,540243,2178,0.00012%
2016,ARM,ALL,540269,7219,0.00040%
2016,ARM,ALL,540349,1888,0.00011%
2016,ARM,ALL,540710,1856,0.00010%
2016,ARM,ALL,540741,400,0.000022%
2016,ARM,ALL,540742,5590,0.00031%
2016,ARM,ALL,540751,496,0.000028%
2016,ARM,ALL,540752,719,0.000040%
2016,ARM,ALL,540753,853,0.000048%
2016,ARM,ALL,540754,668,0.000037%
2016,ARM,ALL,540760,14881,0.00083%
2016,ARM,ALL,540771,3572,0.00020%
2016,ARM,ALL,540772,11623,0.00065%
2016,ARM,ALL,540773,2237,0.00013%
2016,ARM,ALL,540782,130,0.0000073%
2016,ARM,ALL,540783,385,0.000022%
2016,ARM,ALL,540792,905,0.000051%
2016,ARM,ALL,540793,61365,0.0034%
2016,ARM,ALL,540794,800,0.000045%
2016,ARM,ALL,540832,906,0.000051%
2016,ARM,ALL,540833,72,0.0000040%
2016,ARM,ALL,550200,6921,0.00039%
2016,ARM,ALL,550810,1431,0.000080%
2016,ARM,ALL,550820,983,0.000055%
2016,ARM,ALL,550921,12683,0.00071%
2016,ARM,ALL,550932,81074,0.0045%
2016,ARM,ALL,550942,3596,0.00020%
2016,ARM,ALL,551211,358,0.000020%
2016,ARM,ALL,551219,1302,0.000073%
2016,ARM,ALL,551229,480,0.000027%
2016,ARM,ALL,551299,4838,0.00027%
2016,ARM,ALL,551412,414,0.000023%
2016,ARM,ALL,551422,7634,0.00043%
2016,ARM,ALL,551511,5959,0.00033%
2016,ARM,ALL,551614,308,0.000017%
2016,ARM,ALL,551622,649,0.000036%
2016,ARM,ALL,560121,22218,0.0012%
2016,ARM,ALL,560122,44647,0.0025%
2016,ARM,ALL,560210,56131,0.0031%
2016,ARM,ALL,560290,13893,0.00078%
2016,ARM,ALL,560300,74163,0.0042%
2016,ARM,ALL,560410,298,0.000017%
2016,ARM,ALL,560490,594,0.000033%
2016,ARM,ALL,560500,14,7.8e-7%
2016,ARM,ALL,560729,144,0.0000081%
2016,ARM,ALL,560750,2948,0.00016%
2016,ARM,ALL,560790,43208,0.0024%
2016,ARM,ALL,560900,2608,0.00015%
2016,ARM,ALL,570190,15010,0.00084%
2016,ARM,ALL,570231,1546,0.000087%
2016,ARM,ALL,570241,55888,0.0031%
2016,ARM,ALL,570242,10392,0.00058%
2016,ARM,ALL,570299,153,0.0000086%
2016,ARM,ALL,570390,10619,0.00059%
2016,ARM,ALL,570490,238818,0.013%
2016,ARM,ALL,570500,98293,0.0055%
2016,ARM,ALL,580135,4542,0.00025%
2016,ARM,ALL,580136,17787,0.0010%
2016,ARM,ALL,580219,1096,0.000061%
2016,ARM,ALL,580220,567,0.000032%
2016,ARM,ALL,580410,5761,0.00032%
2016,ARM,ALL,580421,196,0.000011%
2016,ARM,ALL,580429,246,0.000014%
2016,ARM,ALL,580610,462,0.000026%
2016,ARM,ALL,580620,816,0.000046%
2016,ARM,ALL,580632,148,0.0000083%
2016,ARM,ALL,580639,23,0.0000013%
2016,ARM,ALL,580710,4480,0.00025%
2016,ARM,ALL,580810,228,0.000013%
2016,ARM,ALL,580890,1347,0.000075%
2016,ARM,ALL,581092,325,0.000018%
2016,ARM,ALL,581100,162,0.0000091%
2016,ARM,ALL,590310,10033,0.00056%
2016,ARM,ALL,590320,2556,0.00014%
2016,ARM,ALL,590390,67814,0.0038%
2016,ARM,ALL,590700,2011,0.00011%
2016,ARM,ALL,591190,102,0.0000057%
2016,ARM,ALL,600110,205,0.000011%
2016,ARM,ALL,600192,613,0.000034%
2016,ARM,ALL,600210,3215,0.00018%
2016,ARM,ALL,600230,18787,0.0011%
2016,ARM,ALL,600242,1591215,0.089%
2016,ARM,ALL,600243,4575,0.00026%
2016,ARM,ALL,600249,197,0.000011%
2016,ARM,ALL,600292,4612,0.00026%
2016,ARM,ALL,600293,3482,0.00019%
2016,ARM,ALL,610120,12660,0.00071%
2016,ARM,ALL,610210,1295,0.000072%
2016,ARM,ALL,610220,6303,0.00035%
2016,ARM,ALL,610230,54553,0.0031%
2016,ARM,ALL,610290,79,0.0000044%
2016,ARM,ALL,610319,45190,0.0025%
2016,ARM,ALL,610322,46760,0.0026%
2016,ARM,ALL,610331,92251,0.0052%
2016,ARM,ALL,610332,230347,0.013%
2016,ARM,ALL,610333,132877,0.0074%
2016,ARM,ALL,610342,138965,0.0078%
2016,ARM,ALL,610343,4828,0.00027%
2016,ARM,ALL,610349,66071,0.0037%
2016,ARM,ALL,610413,893,0.000050%
2016,ARM,ALL,610431,17275,0.00097%
2016,ARM,ALL,610432,86664,0.0049%
2016,ARM,ALL,610433,47828,0.0027%
2016,ARM,ALL,610439,26937,0.0015%
2016,ARM,ALL,610441,8747,0.00049%
2016,ARM,ALL,610442,70689,0.0040%
2016,ARM,ALL,610443,11856,0.00066%
2016,ARM,ALL,610444,50111,0.0028%
2016,ARM,ALL,610449,11560,0.00065%
2016,ARM,ALL,610451,1635,0.000092%
2016,ARM,ALL,610452,3229,0.00018%
2016,ARM,ALL,610453,2546,0.00014%
2016,ARM,ALL,610459,67549,0.0038%
2016,ARM,ALL,610461,333,0.000019%
2016,ARM,ALL,610462,138968,0.0078%
2016,ARM,ALL,610463,5109,0.00029%
2016,ARM,ALL,610469,12649,0.00071%
2016,ARM,ALL,610510,54407,0.0030%
2016,ARM,ALL,610520,415,0.000023%
2016,ARM,ALL,610590,1128,0.000063%
2016,ARM,ALL,610610,59999,0.0034%
2016,ARM,ALL,610620,3923,0.00022%
2016,ARM,ALL,610690,100,0.0000056%
2016,ARM,ALL,610711,600101,0.034%
2016,ARM,ALL,610712,3948,0.00022%
2016,ARM,ALL,610719,19671,0.0011%
2016,ARM,ALL,610721,19382,0.0011%
2016,ARM,ALL,610729,234,0.000013%
2016,ARM,ALL,610791,5571,0.00031%
2016,ARM,ALL,610792,635,0.000036%
2016,ARM,ALL,610821,115256,0.0065%
2016,ARM,ALL,610822,12229,0.00068%
2016,ARM,ALL,610829,419,0.000023%
2016,ARM,ALL,610831,5497,0.00031%
2016,ARM,ALL,610839,3619,0.00020%
2016,ARM,ALL,610891,122,0.0000068%
2016,ARM,ALL,610899,19327,0.0011%
2016,ARM,ALL,610910,1758334,0.098%
2016,ARM,ALL,610990,408616,0.023%
2016,ARM,ALL,611010,1140277,0.064%
2016,ARM,ALL,611020,2265149,0.13%
2016,ARM,ALL,611030,2565921,0.14%
2016,ARM,ALL,611090,208546,0.012%
2016,ARM,ALL,611120,1140347,0.064%
2016,ARM,ALL,611190,9447,0.00053%
2016,ARM,ALL,611220,88,0.0000049%
2016,ARM,ALL,611231,3655,0.00020%
2016,ARM,ALL,611241,15852,0.00089%
2016,ARM,ALL,611249,734,0.000041%
2016,ARM,ALL,611420,33,0.0000018%
2016,ARM,ALL,611490,30,0.0000017%
2016,ARM,ALL,611511,1270125,0.071%
2016,ARM,ALL,611519,163257,0.0091%
2016,ARM,ALL,611520,1354,0.000076%
2016,ARM,ALL,611591,21543,0.0012%
2016,ARM,ALL,611592,223032,0.012%
2016,ARM,ALL,611593,57237,0.0032%
2016,ARM,ALL,611599,36851,0.0021%
2016,ARM,ALL,611610,184837,0.010%
2016,ARM,ALL,611691,15163,0.00085%
2016,ARM,ALL,611692,1976121,0.11%
2016,ARM,ALL,611693,47548,0.0027%
2016,ARM,ALL,611699,37280,0.0021%
2016,ARM,ALL,611710,56383,0.0032%
2016,ARM,ALL,611780,36180,0.0020%
2016,ARM,ALL,611790,61036,0.0034%
2016,ARM,ALL,620111,838575,0.047%
2016,ARM,ALL,620112,16001,0.00090%
2016,ARM,ALL,620113,13514333,0.76%
2016,ARM,ALL,620119,30207,0.0017%
2016,ARM,ALL,620191,48927,0.0027%
2016,ARM,ALL,620192,1370811,0.077%
2016,ARM,ALL,620193,4931580,0.28%
2016,ARM,ALL,620199,188097,0.011%
2016,ARM,ALL,620211,1797116,0.10%
2016,ARM,ALL,620212,211814,0.012%
2016,ARM,ALL,620213,13741379,0.77%
2016,ARM,ALL,620219,100492,0.0056%
2016,ARM,ALL,620291,67059,0.0038%
2016,ARM,ALL,620292,102078,0.0057%
2016,ARM,ALL,620293,1591675,0.089%
2016,ARM,ALL,620299,33957,0.0019%
2016,ARM,ALL,620311,2288299,0.13%
2016,ARM,ALL,620319,97633,0.0055%
2016,ARM,ALL,620322,197,0.000011%
2016,ARM,ALL,620323,85568,0.0048%
2016,ARM,ALL,620329,4014,0.00022%
2016,ARM,ALL,620331,1216917,0.068%
2016,ARM,ALL,620332,1437495,0.080%
2016,ARM,ALL,620333,1032898,0.058%
2016,ARM,ALL,620339,212587,0.012%
2016,ARM,ALL,620341,765948,0.043%
2016,ARM,ALL,620342,6472311,0.36%
2016,ARM,ALL,620343,7292880,0.41%
2016,ARM,ALL,620349,271280,0.015%
2016,ARM,ALL,620413,18108,0.0010%
2016,ARM,ALL,620419,25532,0.0014%
2016,ARM,ALL,620421,601,0.000034%
2016,ARM,ALL,620422,23913,0.0013%
2016,ARM,ALL,620423,14763,0.00083%
2016,ARM,ALL,620429,3563,0.00020%
2016,ARM,ALL,620431,232220,0.013%
2016,ARM,ALL,620432,314958,0.018%
2016,ARM,ALL,620433,702444,0.039%
2016,ARM,ALL,620439,127810,0.0072%
2016,ARM,ALL,620441,222915,0.012%
2016,ARM,ALL,620442,319644,0.018%
2016,ARM,ALL,620443,782589,0.044%
2016,ARM,ALL,620444,331490,0.019%
2016,ARM,ALL,620449,421025,0.024%
2016,ARM,ALL,620451,225007,0.013%
2016,ARM,ALL,620452,231671,0.013%
2016,ARM,ALL,620453,315536,0.018%
2016,ARM,ALL,620459,185185,0.010%
2016,ARM,ALL,620461,185303,0.010%
2016,ARM,ALL,620462,1150502,0.064%
2016,ARM,ALL,620463,1051965,0.059%
2016,ARM,ALL,620469,385855,0.022%
2016,ARM,ALL,620520,1540326,0.086%
2016,ARM,ALL,620530,20652,0.0012%
2016,ARM,ALL,620590,324082,0.018%
2016,ARM,ALL,620610,278159,0.016%
2016,ARM,ALL,620620,13275,0.00074%
2016,ARM,ALL,620630,391231,0.022%
2016,ARM,ALL,620640,961119,0.054%
2016,ARM,ALL,620690,248821,0.014%
2016,ARM,ALL,620711,68445,0.0038%
2016,ARM,ALL,620719,503791,0.028%
2016,ARM,ALL,620791,560,0.000031%
2016,ARM,ALL,620829,129511,0.0072%
2016,ARM,ALL,620891,1068,0.000060%
2016,ARM,ALL,620892,4778,0.00027%
2016,ARM,ALL,620899,206,0.000012%
2016,ARM,ALL,620920,9419,0.00053%
2016,ARM,ALL,620930,998685,0.056%
2016,ARM,ALL,620990,499895,0.028%
2016,ARM,ALL,621040,188968,0.011%
2016,ARM,ALL,621050,48221,0.0027%
2016,ARM,ALL,621111,2011,0.00011%
2016,ARM,ALL,621112,221,0.000012%
2016,ARM,ALL,621132,336871,0.019%
2016,ARM,ALL,621133,287737,0.016%
2016,ARM,ALL,621139,1889,0.00011%
2016,ARM,ALL,621142,17831,0.0010%
2016,ARM,ALL,621143,25627,0.0014%
2016,ARM,ALL,621149,9051,0.00051%
2016,ARM,ALL,621210,63259,0.0035%
2016,ARM,ALL,621220,23,0.0000013%
2016,ARM,ALL,621290,44424,0.0025%
2016,ARM,ALL,621320,33360,0.0019%
2016,ARM,ALL,621390,142,0.0000079%
2016,ARM,ALL,621410,38207,0.0021%
2016,ARM,ALL,621420,91851,0.0051%
2016,ARM,ALL,621430,60001,0.0034%
2016,ARM,ALL,621440,59952,0.0034%
2016,ARM,ALL,621490,34005,0.0019%
2016,ARM,ALL,621510,78450,0.0044%
2016,ARM,ALL,621590,21987,0.0012%
2016,ARM,ALL,621600,742,0.000042%
2016,ARM,ALL,621710,246346,0.014%
2016,ARM,ALL,621790,6789,0.00038%
2016,ARM,ALL,630120,132,0.0000074%
2016,ARM,ALL,630130,467,0.000026%
2016,ARM,ALL,630140,3646,0.00020%
2016,ARM,ALL,630190,84482,0.0047%
2016,ARM,ALL,630221,18048,0.0010%
2016,ARM,ALL,630222,169445,0.0095%
2016,ARM,ALL,630251,916,0.000051%
2016,ARM,ALL,630253,19940,0.0011%
2016,ARM,ALL,630259,9579,0.00054%
2016,ARM,ALL,630260,43665,0.0024%
2016,ARM,ALL,630291,1764,0.000099%
2016,ARM,ALL,630293,5059,0.00028%
2016,ARM,ALL,630299,12,6.7e-7%
2016,ARM,ALL,630392,1383,0.000077%
2016,ARM,ALL,630411,6151,0.00034%
2016,ARM,ALL,630419,16554,0.00093%
2016,ARM,ALL,630493,195,0.000011%
2016,ARM,ALL,630499,52038,0.0029%
2016,ARM,ALL,630510,173,0.0000097%
2016,ARM,ALL,630531,651,0.000036%
2016,ARM,ALL,630539,685,0.000038%
2016,ARM,ALL,630590,542,0.000030%
2016,ARM,ALL,630619,2352,0.00013%
2016,ARM,ALL,630622,14,7.8e-7%
2016,ARM,ALL,630629,91,0.0000051%
2016,ARM,ALL,630710,2375,0.00013%
2016,ARM,ALL,630720,205,0.000011%
2016,ARM,ALL,630790,6166,0.00035%
2016,ARM,ALL,630900,2594,0.00015%
2016,ARM,ALL,640110,2060,0.00012%
2016,ARM,ALL,640192,255,0.000014%
2016,ARM,ALL,640219,6353,0.00036%
2016,ARM,ALL,640220,35246,0.0020%
2016,ARM,ALL,640291,433491,0.024%
2016,ARM,ALL,640299,348644,0.020%
2016,ARM,ALL,640319,3564,0.00020%
2016,ARM,ALL,640351,25472,0.0014%
2016,ARM,ALL,640359,23984,0.0013%
2016,ARM,ALL,640391,305101,0.017%
2016,ARM,ALL,640399,366902,0.021%
2016,ARM,ALL,640411,14741,0.00083%
2016,ARM,ALL,640419,255372,0.014%
2016,ARM,ALL,640420,1866,0.00010%
2016,ARM,ALL,640510,17100,0.00096%
2016,ARM,ALL,640520,1871,0.00010%
2016,ARM,ALL,640610,68958,0.0039%
2016,ARM,ALL,640620,25126,0.0014%
2016,ARM,ALL,640699,74924,0.0042%
2016,ARM,ALL,650590,319934,0.018%
2016,ARM,ALL,650610,5855,0.00033%
2016,ARM,ALL,650691,21,0.0000012%
2016,ARM,ALL,650699,198,0.000011%
2016,ARM,ALL,660110,6,3.4e-7%
2016,ARM,ALL,660191,43345,0.0024%
2016,ARM,ALL,660199,5701,0.00032%
2016,ARM,ALL,660200,11482,0.00064%
2016,ARM,ALL,670100,7396,0.00041%
2016,ARM,ALL,680100,18904,0.0011%
2016,ARM,ALL,680210,230,0.000013%
2016,ARM,ALL,680221,3884402,0.22%
2016,ARM,ALL,680223,3412,0.00019%
2016,ARM,ALL,680229,867076,0.049%
2016,ARM,ALL,680291,2118808,0.12%
2016,ARM,ALL,680292,99953,0.0056%
2016,ARM,ALL,680293,347959,0.019%
2016,ARM,ALL,680299,1112482,0.062%
2016,ARM,ALL,680421,27521,0.0015%
2016,ARM,ALL,680422,3609,0.00020%
2016,ARM,ALL,680520,22,0.0000012%
2016,ARM,ALL,680530,195,0.000011%
2016,ARM,ALL,680610,77,0.0000043%
2016,ARM,ALL,680690,4003,0.00022%
2016,ARM,ALL,680919,10,5.6e-7%
2016,ARM,ALL,680990,15977,0.00089%
2016,ARM,ALL,681019,22296,0.0012%
2016,ARM,ALL,681099,16842,0.00094%
2016,ARM,ALL,681290,933,0.000052%
2016,ARM,ALL,681310,92,0.0000051%
2016,ARM,ALL,681390,117,0.0000065%
2016,ARM,ALL,681510,2298,0.00013%
2016,ARM,ALL,681599,5066,0.00028%
2016,ARM,ALL,690100,4408,0.00025%
2016,ARM,ALL,690290,20905,0.0012%
2016,ARM,ALL,690320,3688,0.00021%
2016,ARM,ALL,690790,4173,0.00023%
2016,ARM,ALL,690810,413,0.000023%
2016,ARM,ALL,690890,87759,0.0049%
2016,ARM,ALL,690919,346125,0.019%
2016,ARM,ALL,690990,298,0.000017%
2016,ARM,ALL,691090,76496,0.0043%
2016,ARM,ALL,691110,15060,0.00084%
2016,ARM,ALL,691200,67796,0.0038%
2016,ARM,ALL,691390,9710,0.00054%
2016,ARM,ALL,691490,21203,0.0012%
2016,ARM,ALL,700490,190,0.000011%
2016,ARM,ALL,700510,14,7.8e-7%
2016,ARM,ALL,700600,4257,0.00024%
2016,ARM,ALL,700711,169,0.0000095%
2016,ARM,ALL,700719,453,0.000025%
2016,ARM,ALL,700721,3135,0.00018%
2016,ARM,ALL,700729,112515,0.0063%
2016,ARM,ALL,700800,5164,0.00029%
2016,ARM,ALL,700910,2098,0.00012%
2016,ARM,ALL,700991,39,0.0000022%
2016,ARM,ALL,700992,5517,0.00031%
2016,ARM,ALL,701090,5848829,0.33%
2016,ARM,ALL,701321,41,0.0000023%
2016,ARM,ALL,701329,12904,0.00072%
2016,ARM,ALL,701339,26962,0.0015%
2016,ARM,ALL,701399,6099,0.00034%
2016,ARM,ALL,701690,50582,0.0028%
2016,ARM,ALL,701790,7,3.9e-7%
2016,ARM,ALL,701890,329,0.000018%
2016,ARM,ALL,701920,23,0.0000013%
2016,ARM,ALL,702000,19177494,1.1%
2016,ARM,ALL,710122,643,0.000036%
2016,ARM,ALL,710221,382600,0.021%
2016,ARM,ALL,710231,9391394,0.53%
2016,ARM,ALL,710239,96505089,5.4%
2016,ARM,ALL,710310,234149,0.013%
2016,ARM,ALL,710391,1086751,0.061%
2016,ARM,ALL,710399,5237,0.00029%
2016,ARM,ALL,710420,22721,0.0013%
2016,ARM,ALL,710490,46539,0.0026%
2016,ARM,ALL,710510,149392,0.0084%
2016,ARM,ALL,710812,55414,0.0031%
2016,ARM,ALL,710813,140798386,7.9%
2016,ARM,ALL,711210,43004,0.0024%
2016,ARM,ALL,711220,554,0.000031%
2016,ARM,ALL,711290,2470052,0.14%
2016,ARM,ALL,711311,1721658,0.096%
2016,ARM,ALL,711319,17345872,0.97%
2016,ARM,ALL,711411,2636,0.00015%
2016,ARM,ALL,711419,7427,0.00042%
2016,ARM,ALL,711420,2705,0.00015%
2016,ARM,ALL,711590,72880337,4.1%
2016,ARM,ALL,711620,88440,0.0049%
2016,ARM,ALL,711711,96,0.0000054%
2016,ARM,ALL,711719,57958,0.0032%
2016,ARM,ALL,711790,6370,0.00036%
2016,ARM,ALL,711810,189,0.000011%
2016,ARM,ALL,720270,66014671,3.7%
2016,ARM,ALL,720421,262510,0.015%
2016,ARM,ALL,720429,4569,0.00026%
2016,ARM,ALL,720449,1153,0.000065%
2016,ARM,ALL,721070,143,0.0000080%
2016,ARM,ALL,721660,1035,0.000058%
2016,ARM,ALL,721713,2736,0.00015%
2016,ARM,ALL,722020,252,0.000014%
2016,ARM,ALL,722230,3166,0.00018%
2016,ARM,ALL,730110,200,0.000011%
2016,ARM,ALL,730420,28334,0.0016%
2016,ARM,ALL,730511,1436,0.000080%
2016,ARM,ALL,730630,10882,0.00061%
2016,ARM,ALL,730660,65,0.0000036%
2016,ARM,ALL,730690,1539,0.000086%
2016,ARM,ALL,730711,104,0.0000058%
2016,ARM,ALL,730719,102,0.0000057%
2016,ARM,ALL,730729,11,6.2e-7%
2016,ARM,ALL,730791,94,0.0000053%
2016,ARM,ALL,730792,884,0.000049%
2016,ARM,ALL,730799,876,0.000049%
2016,ARM,ALL,730830,6249,0.00035%
2016,ARM,ALL,730840,20721,0.0012%
2016,ARM,ALL,730890,153193,0.0086%
2016,ARM,ALL,730900,153573,0.0086%
2016,ARM,ALL,731010,304,0.000017%
2016,ARM,ALL,731021,2300,0.00013%
2016,ARM,ALL,731029,16770,0.00094%
2016,ARM,ALL,731100,415925,0.023%
2016,ARM,ALL,731210,152,0.0000085%
2016,ARM,ALL,731290,1488,0.000083%
2016,ARM,ALL,731411,6,3.4e-7%
2016,ARM,ALL,731441,7193,0.00040%
2016,ARM,ALL,731511,524,0.000029%
2016,ARM,ALL,731589,28,0.0000016%
2016,ARM,ALL,731590,33,0.0000018%
2016,ARM,ALL,731700,676702,0.038%
2016,ARM,ALL,731812,477,0.000027%
2016,ARM,ALL,731814,3070,0.00017%
2016,ARM,ALL,731815,213527,0.012%
2016,ARM,ALL,731816,3529,0.00020%
2016,ARM,ALL,731819,843,0.000047%
2016,ARM,ALL,731821,11,6.2e-7%
2016,ARM,ALL,731822,986,0.000055%
2016,ARM,ALL,731823,230,0.000013%
2016,ARM,ALL,731824,1052,0.000059%
2016,ARM,ALL,731829,4566,0.00026%
2016,ARM,ALL,731930,221,0.000012%
2016,ARM,ALL,731990,40,0.0000022%
2016,ARM,ALL,732010,2219,0.00012%
2016,ARM,ALL,732020,4294,0.00024%
2016,ARM,ALL,732111,10800,0.00060%
2016,ARM,ALL,732113,340,0.000019%
2016,ARM,ALL,732181,2240,0.00013%
2016,ARM,ALL,732190,16,9.0e-7%
2016,ARM,ALL,732290,1367,0.000077%
2016,ARM,ALL,732391,4031,0.00023%
2016,ARM,ALL,732393,147438,0.0083%
2016,ARM,ALL,732394,3091,0.00017%
2016,ARM,ALL,732399,10686,0.00060%
2016,ARM,ALL,732410,180,0.000010%
2016,ARM,ALL,732490,5,2.8e-7%
2016,ARM,ALL,732510,863,0.000048%
2016,ARM,ALL,732599,1723,0.000096%
2016,ARM,ALL,732619,134,0.0000075%
2016,ARM,ALL,732620,40,0.0000022%
2016,ARM,ALL,732690,43806,0.0025%
2016,ARM,ALL,740200,62756272,3.5%
2016,ARM,ALL,740400,3234902,0.18%
2016,ARM,ALL,740829,66,0.0000037%
2016,ARM,ALL,741510,40,0.0000022%
2016,ARM,ALL,741521,1,5.6e-8%
2016,ARM,ALL,741810,4965,0.00028%
2016,ARM,ALL,741999,1099,0.000062%
2016,ARM,ALL,760120,1807421,0.10%
2016,ARM,ALL,760200,1021184,0.057%
2016,ARM,ALL,760421,122471,0.0069%
2016,ARM,ALL,760429,10257,0.00057%
2016,ARM,ALL,760529,187,0.000010%
2016,ARM,ALL,760612,370314,0.021%
2016,ARM,ALL,760711,77065017,4.3%
2016,ARM,ALL,760720,600,0.000034%
2016,ARM,ALL,760900,1217,0.000068%
2016,ARM,ALL,761010,1252508,0.070%
2016,ARM,ALL,761090,685123,0.038%
2016,ARM,ALL,761510,25665,0.0014%
2016,ARM,ALL,761520,132,0.0000074%
2016,ARM,ALL,761610,43530,0.0024%
2016,ARM,ALL,761690,110234,0.0062%
2016,ARM,ALL,790790,46194,0.0026%
2016,ARM,ALL,810291,5023850,0.28%
2016,ARM,ALL,810420,7,3.9e-7%
2016,ARM,ALL,811100,4712,0.00026%
2016,ARM,ALL,820150,17,9.5e-7%
2016,ARM,ALL,820210,257,0.000014%
2016,ARM,ALL,820320,27409,0.0015%
2016,ARM,ALL,820330,13,7.3e-7%
2016,ARM,ALL,820340,64,0.0000036%
2016,ARM,ALL,820411,1811,0.00010%
2016,ARM,ALL,820420,270,0.000015%
2016,ARM,ALL,820520,2079,0.00012%
2016,ARM,ALL,820551,9035,0.00051%
2016,ARM,ALL,820559,10361,0.00058%
2016,ARM,ALL,820570,23681,0.0013%
2016,ARM,ALL,820590,408,0.000023%
2016,ARM,ALL,820600,12928,0.00072%
2016,ARM,ALL,820712,7453,0.00042%
2016,ARM,ALL,820730,1809,0.00010%
2016,ARM,ALL,820750,2638,0.00015%
2016,ARM,ALL,820760,1160,0.000065%
2016,ARM,ALL,820770,2014,0.00011%
2016,ARM,ALL,820790,1035,0.000058%
2016,ARM,ALL,820810,174,0.0000097%
2016,ARM,ALL,820830,579,0.000032%
2016,ARM,ALL,820890,2578,0.00014%
2016,ARM,ALL,820900,13,7.3e-7%
2016,ARM,ALL,821000,280,0.000016%
2016,ARM,ALL,821110,77193,0.0043%
2016,ARM,ALL,821191,539,0.000030%
2016,ARM,ALL,821192,62,0.0000035%
2016,ARM,ALL,821210,809,0.000045%
2016,ARM,ALL,821300,584,0.000033%
2016,ARM,ALL,821520,38670,0.0022%
2016,ARM,ALL,821599,8432,0.00047%
2016,ARM,ALL,830110,1,5.6e-8%
2016,ARM,ALL,830120,173,0.0000097%
2016,ARM,ALL,830140,7079,0.00040%
2016,ARM,ALL,830160,45,0.0000025%
2016,ARM,ALL,830170,11,6.2e-7%
2016,ARM,ALL,830210,92020,0.0052%
2016,ARM,ALL,830220,547,0.000031%
2016,ARM,ALL,830230,428,0.000024%
2016,ARM,ALL,830241,129556,0.0073%
2016,ARM,ALL,830242,9177,0.00051%
2016,ARM,ALL,830249,54274,0.0030%
2016,ARM,ALL,830250,10129,0.00057%
2016,ARM,ALL,830260,6803,0.00038%
2016,ARM,ALL,830300,227,0.000013%
2016,ARM,ALL,830520,987,0.000055%
2016,ARM,ALL,830629,200,0.000011%
2016,ARM,ALL,830630,642,0.000036%
2016,ARM,ALL,830710,286,0.000016%
2016,ARM,ALL,830810,1375,0.000077%
2016,ARM,ALL,830820,413,0.000023%
2016,ARM,ALL,830890,1200,0.000067%
2016,ARM,ALL,830990,1014965,0.057%
2016,ARM,ALL,831000,2053,0.00011%
2016,ARM,ALL,831110,62,0.0000035%
2016,ARM,ALL,831120,416,0.000023%
2016,ARM,ALL,840212,3500,0.00020%
2016,ARM,ALL,840219,389619,0.022%
2016,ARM,ALL,840410,51828,0.0029%
2016,ARM,ALL,840590,124,0.0000069%
2016,ARM,ALL,840690,13606,0.00076%
2016,ARM,ALL,840734,7132,0.00040%
2016,ARM,ALL,840820,47351,0.0027%
2016,ARM,ALL,840890,71,0.0000040%
2016,ARM,ALL,840991,11465,0.00064%
2016,ARM,ALL,840999,49874,0.0028%
2016,ARM,ALL,841090,3190,0.00018%
2016,ARM,ALL,841181,429,0.000024%
2016,ARM,ALL,841199,3697714,0.21%
2016,ARM,ALL,841221,16304,0.00091%
2016,ARM,ALL,841229,6978,0.00039%
2016,ARM,ALL,841231,74,0.0000041%
2016,ARM,ALL,841239,5960,0.00033%
2016,ARM,ALL,841290,47310,0.0026%
2016,ARM,ALL,841311,100387,0.0056%
2016,ARM,ALL,841320,286,0.000016%
2016,ARM,ALL,841330,23598,0.0013%
2016,ARM,ALL,841350,65808,0.0037%
2016,ARM,ALL,841360,6340,0.00035%
2016,ARM,ALL,841370,40017,0.0022%
2016,ARM,ALL,841381,490,0.000027%
2016,ARM,ALL,841391,122585,0.0069%
2016,ARM,ALL,841392,36,0.0000020%
2016,ARM,ALL,841410,12759,0.00071%
2016,ARM,ALL,841430,10240,0.00057%
2016,ARM,ALL,841440,8,4.5e-7%
2016,ARM,ALL,841459,4184,0.00023%
2016,ARM,ALL,841480,1517986,0.085%
2016,ARM,ALL,841490,172430,0.0097%
2016,ARM,ALL,841510,150,0.0000084%
2016,ARM,ALL,841583,1559003,0.087%
2016,ARM,ALL,841590,244805,0.014%
2016,ARM,ALL,841620,20,0.0000011%
2016,ARM,ALL,841720,1920,0.00011%
2016,ARM,ALL,841810,2479,0.00014%
2016,ARM,ALL,841821,250,0.000014%
2016,ARM,ALL,841830,416,0.000023%
2016,ARM,ALL,841850,600,0.000034%
2016,ARM,ALL,841869,5650,0.00032%
2016,ARM,ALL,841899,18,0.0000010%
2016,ARM,ALL,841911,383,0.000021%
2016,ARM,ALL,841931,3770,0.00021%
2016,ARM,ALL,841939,968,0.000054%
2016,ARM,ALL,841950,15670,0.00088%
2016,ARM,ALL,841981,12149,0.00068%
2016,ARM,ALL,841989,34989,0.0020%
2016,ARM,ALL,841990,415438,0.023%
2016,ARM,ALL,842010,1374,0.000077%
2016,ARM,ALL,842119,342,0.000019%
2016,ARM,ALL,842121,952,0.000053%
2016,ARM,ALL,842123,16011,0.00090%
2016,ARM,ALL,842129,2992,0.00017%
2016,ARM,ALL,842131,4248,0.00024%
2016,ARM,ALL,842139,33599,0.0019%
2016,ARM,ALL,842199,12803,0.00072%
2016,ARM,ALL,842211,80,0.0000045%
2016,ARM,ALL,842220,26500,0.0015%
2016,ARM,ALL,842230,47884,0.0027%
2016,ARM,ALL,842240,61730,0.0035%
2016,ARM,ALL,842290,232,0.000013%
2016,ARM,ALL,842310,3,1.7e-7%
2016,ARM,ALL,842330,700,0.000039%
2016,ARM,ALL,842381,23347,0.0013%
2016,ARM,ALL,842382,127,0.0000071%
2016,ARM,ALL,842390,10,5.6e-7%
2016,ARM,ALL,842420,567,0.000032%
2016,ARM,ALL,842430,2227,0.00012%
2016,ARM,ALL,842490,1295,0.000072%
2016,ARM,ALL,842542,921,0.000052%
2016,ARM,ALL,842720,16320,0.00091%
2016,ARM,ALL,842790,300,0.000017%
2016,ARM,ALL,842832,839,0.000047%
2016,ARM,ALL,842833,3611,0.00020%
2016,ARM,ALL,842839,120,0.0000067%
2016,ARM,ALL,842890,19940,0.0011%
2016,ARM,ALL,842911,62000,0.0035%
2016,ARM,ALL,842952,46000,0.0026%
2016,ARM,ALL,843041,415200,0.023%
2016,ARM,ALL,843049,171000,0.0096%
2016,ARM,ALL,843143,30331,0.0017%
2016,ARM,ALL,843149,96294,0.0054%
2016,ARM,ALL,843390,243,0.000014%
2016,ARM,ALL,843420,1629,0.000091%
2016,ARM,ALL,843699,3777,0.00021%
2016,ARM,ALL,843780,23639,0.0013%
2016,ARM,ALL,843810,3222,0.00018%
2016,ARM,ALL,843820,19507,0.0011%
2016,ARM,ALL,843850,9235,0.00052%
2016,ARM,ALL,843880,80,0.0000045%
2016,ARM,ALL,843930,1000,0.000056%
2016,ARM,ALL,844110,31,0.0000017%
2016,ARM,ALL,844130,37902,0.0021%
2016,ARM,ALL,844180,1188,0.000066%
2016,ARM,ALL,844230,41000,0.0023%
2016,ARM,ALL,844350,2789,0.00016%
2016,ARM,ALL,844390,13729,0.00077%
2016,ARM,ALL,844711,5820,0.00033%
2016,ARM,ALL,844712,10980,0.00061%
2016,ARM,ALL,844831,371,0.000021%
2016,ARM,ALL,844859,832,0.000047%
2016,ARM,ALL,845011,83,0.0000046%
2016,ARM,ALL,845130,15,8.4e-7%
2016,ARM,ALL,845229,8796,0.00049%
2016,ARM,ALL,845290,148,0.0000083%
2016,ARM,ALL,845310,2596,0.00015%
2016,ARM,ALL,845320,22,0.0000012%
2016,ARM,ALL,845380,3772,0.00021%
2016,ARM,ALL,845390,1000,0.000056%
2016,ARM,ALL,845490,400,0.000022%
2016,ARM,ALL,845811,11200,0.00063%
2016,ARM,ALL,845819,5435,0.00030%
2016,ARM,ALL,845910,940,0.000053%
2016,ARM,ALL,845929,6843,0.00038%
2016,ARM,ALL,845959,580,0.000032%
2016,ARM,ALL,845969,4700,0.00026%
2016,ARM,ALL,846019,5500,0.00031%
2016,ARM,ALL,846029,8750,0.00049%
2016,ARM,ALL,846039,1875,0.00010%
2016,ARM,ALL,846090,170,0.0000095%
2016,ARM,ALL,846120,6300,0.00035%
2016,ARM,ALL,846150,3583,0.00020%
2016,ARM,ALL,846210,46777,0.0026%
2016,ARM,ALL,846229,85894,0.0048%
2016,ARM,ALL,846239,378,0.000021%
2016,ARM,ALL,846249,42969,0.0024%
2016,ARM,ALL,846291,75899,0.0042%
2016,ARM,ALL,846299,8022,0.00045%
2016,ARM,ALL,846330,258,0.000014%
2016,ARM,ALL,846410,324,0.000018%
2016,ARM,ALL,846490,274,0.000015%
2016,ARM,ALL,846510,38529,0.0022%
2016,ARM,ALL,846591,302,0.000017%
2016,ARM,ALL,846592,1092,0.000061%
2016,ARM,ALL,846593,305,0.000017%
2016,ARM,ALL,846599,998,0.000056%
2016,ARM,ALL,846620,29018,0.0016%
2016,ARM,ALL,846692,101,0.0000057%
2016,ARM,ALL,846693,60,0.0000034%
2016,ARM,ALL,846694,192462,0.011%
2016,ARM,ALL,846719,264,0.000015%
2016,ARM,ALL,846781,18904,0.0011%
2016,ARM,ALL,846792,28,0.0000016%
2016,ARM,ALL,846799,2420,0.00014%
2016,ARM,ALL,846810,33494,0.0019%
2016,ARM,ALL,846820,796032,0.045%
2016,ARM,ALL,846880,15,8.4e-7%
2016,ARM,ALL,846890,150834,0.0084%
2016,ARM,ALL,847050,40955,0.0023%
2016,ARM,ALL,847120,142158,0.0080%
2016,ARM,ALL,847191,136199,0.0076%
2016,ARM,ALL,847192,83284,0.0047%
2016,ARM,ALL,847193,79306,0.0044%
2016,ARM,ALL,847199,89700,0.0050%
2016,ARM,ALL,847329,50,0.0000028%
2016,ARM,ALL,847330,62122,0.0035%
2016,ARM,ALL,847340,2320,0.00013%
2016,ARM,ALL,847410,14436,0.00081%
2016,ARM,ALL,847420,225200,0.013%
2016,ARM,ALL,847431,1055,0.000059%
2016,ARM,ALL,847490,39900,0.0022%
2016,ARM,ALL,847710,3000,0.00017%
2016,ARM,ALL,847720,750,0.000042%
2016,ARM,ALL,847730,1000,0.000056%
2016,ARM,ALL,847740,1000,0.000056%
2016,ARM,ALL,847780,70662,0.0040%
2016,ARM,ALL,847790,88,0.0000049%
2016,ARM,ALL,847810,1693,0.000095%
2016,ARM,ALL,847910,106436,0.0060%
2016,ARM,ALL,847982,8131,0.00046%
2016,ARM,ALL,847989,192011,0.011%
2016,ARM,ALL,847990,14017,0.00078%
2016,ARM,ALL,848030,8775,0.00049%
2016,ARM,ALL,848049,1385,0.000078%
2016,ARM,ALL,848060,3304,0.00018%
2016,ARM,ALL,848071,8008,0.00045%
2016,ARM,ALL,848079,12030,0.00067%
2016,ARM,ALL,848110,17,9.5e-7%
2016,ARM,ALL,848120,14319,0.00080%
2016,ARM,ALL,848130,2894,0.00016%
2016,ARM,ALL,848140,4086,0.00023%
2016,ARM,ALL,848180,74280,0.0042%
2016,ARM,ALL,848190,3728,0.00021%
2016,ARM,ALL,848210,59162,0.0033%
2016,ARM,ALL,848220,5043,0.00028%
2016,ARM,ALL,848230,11000,0.00062%
2016,ARM,ALL,848240,6,3.4e-7%
2016,ARM,ALL,848250,5256,0.00029%
2016,ARM,ALL,848280,698,0.000039%
2016,ARM,ALL,848291,13,7.3e-7%
2016,ARM,ALL,848299,6368,0.00036%
2016,ARM,ALL,848310,16855,0.00094%
2016,ARM,ALL,848320,31300,0.0018%
2016,ARM,ALL,848330,10217,0.00057%
2016,ARM,ALL,848340,26059,0.0015%
2016,ARM,ALL,848350,8228,0.00046%
2016,ARM,ALL,848360,5603,0.00031%
2016,ARM,ALL,848390,33923,0.0019%
2016,ARM,ALL,848410,3767,0.00021%
2016,ARM,ALL,848490,1371,0.000077%
2016,ARM,ALL,848590,331,0.000019%
2016,ARM,ALL,850110,94255,0.0053%
2016,ARM,ALL,850131,19,0.0000011%
2016,ARM,ALL,850134,292,0.000016%
2016,ARM,ALL,850140,8030,0.00045%
2016,ARM,ALL,850151,21584,0.0012%
2016,ARM,ALL,850152,784,0.000044%
2016,ARM,ALL,850153,15950,0.00089%
2016,ARM,ALL,850211,5392,0.00030%
2016,ARM,ALL,850212,15686,0.00088%
2016,ARM,ALL,850213,4172,0.00023%
2016,ARM,ALL,850220,280,0.000016%
2016,ARM,ALL,850300,21049,0.0012%
2016,ARM,ALL,850410,1173,0.000066%
2016,ARM,ALL,850431,604,0.000034%
2016,ARM,ALL,850432,194,0.000011%
2016,ARM,ALL,850433,147455,0.0083%
2016,ARM,ALL,850440,63586,0.0036%
2016,ARM,ALL,850450,2678,0.00015%
2016,ARM,ALL,850490,166586,0.0093%
2016,ARM,ALL,850511,1140,0.000064%
2016,ARM,ALL,850519,20,0.0000011%
2016,ARM,ALL,850590,6521,0.00036%
2016,ARM,ALL,850710,53710,0.0030%
2016,ARM,ALL,850720,8597,0.00048%
2016,ARM,ALL,850730,1361478,0.076%
2016,ARM,ALL,850780,1433,0.000080%
2016,ARM,ALL,850810,5303,0.00030%
2016,ARM,ALL,850820,291,0.000016%
2016,ARM,ALL,850880,9535,0.00053%
2016,ARM,ALL,850910,2467369,0.14%
2016,ARM,ALL,850940,1454218,0.081%
2016,ARM,ALL,850980,141929,0.0079%
2016,ARM,ALL,850990,533,0.000030%
2016,ARM,ALL,851010,8804,0.00049%
2016,ARM,ALL,851020,20833,0.0012%
2016,ARM,ALL,851110,1026,0.000057%
2016,ARM,ALL,851130,1427,0.000080%
2016,ARM,ALL,851140,1503,0.000084%
2016,ARM,ALL,851150,1293,0.000072%
2016,ARM,ALL,851180,1014,0.000057%
2016,ARM,ALL,851190,1550,0.000087%
2016,ARM,ALL,851220,4451,0.00025%
2016,ARM,ALL,851230,64,0.0000036%
2016,ARM,ALL,851240,37,0.0000021%
2016,ARM,ALL,851290,160,0.0000090%
2016,ARM,ALL,851310,2,1.1e-7%
2016,ARM,ALL,851410,12743,0.00071%
2016,ARM,ALL,851430,11997,0.00067%
2016,ARM,ALL,851539,24887,0.0014%
2016,ARM,ALL,851580,22096,0.0012%
2016,ARM,ALL,851590,119,0.0000067%
2016,ARM,ALL,851610,1639,0.000092%
2016,ARM,ALL,851629,122,0.0000068%
2016,ARM,ALL,851631,11933,0.00067%
2016,ARM,ALL,851632,9103,0.00051%
2016,ARM,ALL,851640,271374,0.015%
2016,ARM,ALL,851650,100,0.0000056%
2016,ARM,ALL,851660,160424,0.0090%
2016,ARM,ALL,851671,57431,0.0032%
2016,ARM,ALL,851672,11,6.2e-7%
2016,ARM,ALL,851679,1262,0.000071%
2016,ARM,ALL,851680,737,0.000041%
2016,ARM,ALL,851690,2132,0.00012%
2016,ARM,ALL,851710,4,2.2e-7%
2016,ARM,ALL,851740,1463,0.000082%
2016,ARM,ALL,851782,1250872,0.070%
2016,ARM,ALL,851790,167584,0.0094%
2016,ARM,ALL,851821,105,0.0000059%
2016,ARM,ALL,851822,20,0.0000011%
2016,ARM,ALL,851830,44,0.0000025%
2016,ARM,ALL,851840,4003,0.00022%
2016,ARM,ALL,851999,2,1.1e-7%
2016,ARM,ALL,852110,20456,0.0011%
2016,ARM,ALL,852190,13804,0.00077%
2016,ARM,ALL,852390,43,0.0000024%
2016,ARM,ALL,852490,10220,0.00057%
2016,ARM,ALL,852510,9270,0.00052%
2016,ARM,ALL,852520,71398,0.0040%
2016,ARM,ALL,852739,26,0.0000015%
2016,ARM,ALL,852810,103575,0.0058%
2016,ARM,ALL,852910,760,0.000043%
2016,ARM,ALL,852990,31089,0.0017%
2016,ARM,ALL,853010,35022,0.0020%
2016,ARM,ALL,853110,7684,0.00043%
2016,ARM,ALL,853180,12995,0.00073%
2016,ARM,ALL,853190,8683,0.00049%
2016,ARM,ALL,853331,130,0.0000073%
2016,ARM,ALL,853339,6,3.4e-7%
2016,ARM,ALL,853400,2167,0.00012%
2016,ARM,ALL,853590,463559,0.026%
2016,ARM,ALL,853610,1850,0.00010%
2016,ARM,ALL,853620,256391,0.014%
2016,ARM,ALL,853630,6709,0.00038%
2016,ARM,ALL,853641,82976,0.0046%
2016,ARM,ALL,853649,1033,0.000058%
2016,ARM,ALL,853650,4484,0.00025%
2016,ARM,ALL,853661,2136,0.00012%
2016,ARM,ALL,853669,16229,0.00091%
2016,ARM,ALL,853690,2183678,0.12%
2016,ARM,ALL,853710,268153,0.015%
2016,ARM,ALL,853810,96,0.0000054%
2016,ARM,ALL,853890,33215,0.0019%
2016,ARM,ALL,853910,472,0.000026%
2016,ARM,ALL,853921,219026,0.012%
2016,ARM,ALL,853929,21,0.0000012%
2016,ARM,ALL,853931,979,0.000055%
2016,ARM,ALL,853940,1024,0.000057%
2016,ARM,ALL,853990,78,0.0000044%
2016,ARM,ALL,854089,10,5.6e-7%
2016,ARM,ALL,854110,5,2.8e-7%
2016,ARM,ALL,854129,666030,0.037%
2016,ARM,ALL,854140,62,0.0000035%
2016,ARM,ALL,854150,266,0.000015%
2016,ARM,ALL,854211,52,0.0000029%
2016,ARM,ALL,854219,187872,0.011%
2016,ARM,ALL,854380,100712,0.0056%
2016,ARM,ALL,854390,222115,0.012%
2016,ARM,ALL,854420,13,7.3e-7%
2016,ARM,ALL,854430,45,0.0000025%
2016,ARM,ALL,854441,8985,0.00050%
2016,ARM,ALL,854459,467,0.000026%
2016,ARM,ALL,854460,69,0.0000039%
2016,ARM,ALL,854470,3335,0.00019%
2016,ARM,ALL,854519,1720,0.000096%
2016,ARM,ALL,854520,27,0.0000015%
2016,ARM,ALL,854590,15134,0.00085%
2016,ARM,ALL,854690,66135,0.0037%
2016,ARM,ALL,854720,3149,0.00018%
2016,ARM,ALL,860900,5400,0.00030%
2016,ARM,ALL,870120,15199,0.00085%
2016,ARM,ALL,870310,34422,0.0019%
2016,ARM,ALL,870323,9664649,0.54%
2016,ARM,ALL,870324,2209728,0.12%
2016,ARM,ALL,870333,26800,0.0015%
2016,ARM,ALL,870410,400000,0.022%
2016,ARM,ALL,870421,6022,0.00034%
2016,ARM,ALL,870431,22928,0.0013%
2016,ARM,ALL,870590,827987,0.046%
2016,ARM,ALL,870600,3839,0.00021%
2016,ARM,ALL,870810,935,0.000052%
2016,ARM,ALL,870829,2496,0.00014%
2016,ARM,ALL,870839,23248,0.0013%
2016,ARM,ALL,870840,28299,0.0016%
2016,ARM,ALL,870850,988,0.000055%
2016,ARM,ALL,870870,13893,0.00078%
2016,ARM,ALL,870880,12341,0.00069%
2016,ARM,ALL,870891,15672,0.00088%
2016,ARM,ALL,870892,2036,0.00011%
2016,ARM,ALL,870893,5846,0.00033%
2016,ARM,ALL,870894,6093,0.00034%
2016,ARM,ALL,870899,19489,0.0011%
2016,ARM,ALL,871110,55813,0.0031%
2016,ARM,ALL,871120,10032,0.00056%
2016,ARM,ALL,871130,359,0.000020%
2016,ARM,ALL,871190,14,7.8e-7%
2016,ARM,ALL,871200,506,0.000028%
2016,ARM,ALL,871310,58964,0.0033%
2016,ARM,ALL,871419,560,0.000031%
2016,ARM,ALL,871491,145,0.0000081%
2016,ARM,ALL,871492,130,0.0000073%
2016,ARM,ALL,871494,111,0.0000062%
2016,ARM,ALL,871496,8295,0.00046%
2016,ARM,ALL,871499,82,0.0000046%
2016,ARM,ALL,871500,4,2.2e-7%
2016,ARM,ALL,871639,4450,0.00025%
2016,ARM,ALL,871680,2513,0.00014%
2016,ARM,ALL,871690,34,0.0000019%
2016,ARM,ALL,880320,12373,0.00069%
2016,ARM,ALL,880330,25594,0.0014%
2016,ARM,ALL,900190,1088067,0.061%
2016,ARM,ALL,900410,55,0.0000031%
2016,ARM,ALL,900490,884,0.000049%
2016,ARM,ALL,900659,504,0.000028%
2016,ARM,ALL,900691,38,0.0000021%
2016,ARM,ALL,901020,1036,0.000058%
2016,ARM,ALL,901110,23901,0.0013%
2016,ARM,ALL,901210,3721906,0.21%
2016,ARM,ALL,901390,2840,0.00016%
2016,ARM,ALL,901420,250,0.000014%
2016,ARM,ALL,901480,9300,0.00052%
2016,ARM,ALL,901530,112,0.0000063%
2016,ARM,ALL,901580,9546,0.00053%
2016,ARM,ALL,901720,161,0.0000090%
2016,ARM,ALL,901780,114,0.0000064%
2016,ARM,ALL,901819,158811,0.0089%
2016,ARM,ALL,901820,35000,0.0020%
2016,ARM,ALL,901831,115,0.0000064%
2016,ARM,ALL,901832,3804,0.00021%
2016,ARM,ALL,901839,35593,0.0020%
2016,ARM,ALL,901841,18197,0.0010%
2016,ARM,ALL,901849,10071,0.00056%
2016,ARM,ALL,901850,28782,0.0016%
2016,ARM,ALL,901890,591164,0.033%
2016,ARM,ALL,901910,65,0.0000036%
2016,ARM,ALL,902000,27,0.0000015%
2016,ARM,ALL,902111,901683,0.050%
2016,ARM,ALL,902119,168788,0.0094%
2016,ARM,ALL,902129,27617,0.0015%
2016,ARM,ALL,902130,55494,0.0031%
2016,ARM,ALL,902190,27157,0.0015%
2016,ARM,ALL,902211,396909,0.022%
2016,ARM,ALL,902219,4000,0.00022%
2016,ARM,ALL,902230,399731,0.022%
2016,ARM,ALL,902290,104170,0.0058%
2016,ARM,ALL,902300,603626,0.034%
2016,ARM,ALL,902410,2363,0.00013%
2016,ARM,ALL,902480,7916,0.00044%
2016,ARM,ALL,902490,110,0.0000062%
2016,ARM,ALL,902519,1276,0.000071%
2016,ARM,ALL,902580,132713,0.0074%
2016,ARM,ALL,902590,511,0.000029%
2016,ARM,ALL,902610,16057,0.00090%
2016,ARM,ALL,902620,10693,0.00060%
2016,ARM,ALL,902680,1778,0.00010%
2016,ARM,ALL,902710,1099015,0.062%
2016,ARM,ALL,902720,9490,0.00053%
2016,ARM,ALL,902730,4811,0.00027%
2016,ARM,ALL,902750,10667,0.00060%
2016,ARM,ALL,902780,63701,0.0036%
2016,ARM,ALL,902790,19958,0.0011%
2016,ARM,ALL,902810,158,0.0000088%
2016,ARM,ALL,902820,143082,0.0080%
2016,ARM,ALL,902830,3690,0.00021%
2016,ARM,ALL,902890,249661,0.014%
2016,ARM,ALL,902910,1663,0.000093%
2016,ARM,ALL,902920,37,0.0000021%
2016,ARM,ALL,902990,15,8.4e-7%
2016,ARM,ALL,903020,1010,0.000057%
2016,ARM,ALL,903031,16379,0.00092%
2016,ARM,ALL,903039,258782,0.014%
2016,ARM,ALL,903081,105834,0.0059%
2016,ARM,ALL,903089,383190,0.021%
2016,ARM,ALL,903090,127675,0.0071%
2016,ARM,ALL,903120,150229,0.0084%
2016,ARM,ALL,903140,170279,0.0095%
2016,ARM,ALL,903180,461374,0.026%
2016,ARM,ALL,903210,1462552,0.082%
2016,ARM,ALL,903289,94644,0.0053%
2016,ARM,ALL,903290,20,0.0000011%
2016,ARM,ALL,903300,29,0.0000016%
2016,ARM,ALL,910111,445607,0.025%
2016,ARM,ALL,910121,58432,0.0033%
2016,ARM,ALL,910129,98546,0.0055%
2016,ARM,ALL,910199,7193,0.00040%
2016,ARM,ALL,910211,274208,0.015%
2016,ARM,ALL,910212,392075,0.022%
2016,ARM,ALL,910219,1190176,0.067%
2016,ARM,ALL,910221,545762,0.031%
2016,ARM,ALL,910229,75433,0.0042%
2016,ARM,ALL,910291,77,0.0000043%
2016,ARM,ALL,910299,18838,0.0011%
2016,ARM,ALL,910511,262,0.000015%
2016,ARM,ALL,910521,807,0.000045%
2016,ARM,ALL,910529,137,0.0000077%
2016,ARM,ALL,910591,411,0.000023%
2016,ARM,ALL,910599,176,0.0000099%
2016,ARM,ALL,911110,6339439,0.35%
2016,ARM,ALL,911120,5907549,0.33%
2016,ARM,ALL,911180,4801099,0.27%
2016,ARM,ALL,911190,1079600,0.060%
2016,ARM,ALL,911310,46839,0.0026%
2016,ARM,ALL,911390,1456545,0.082%
2016,ARM,ALL,911430,1802716,0.10%
2016,ARM,ALL,911490,21930,0.0012%
2016,ARM,ALL,920110,200,0.000011%
2016,ARM,ALL,920290,967,0.000054%
2016,ARM,ALL,920590,2570,0.00014%
2016,ARM,ALL,920600,5,2.8e-7%
2016,ARM,ALL,920710,12726,0.00071%
2016,ARM,ALL,920890,26,0.0000015%
2016,ARM,ALL,920999,271,0.000015%
2016,ARM,ALL,940130,30,0.0000017%
2016,ARM,ALL,940140,415,0.000023%
2016,ARM,ALL,940150,210,0.000012%
2016,ARM,ALL,940161,330789,0.019%
2016,ARM,ALL,940169,9487,0.00053%
2016,ARM,ALL,940171,4808,0.00027%
2016,ARM,ALL,940179,14932,0.00084%
2016,ARM,ALL,940180,119694,0.0067%
2016,ARM,ALL,940190,37734,0.0021%
2016,ARM,ALL,940310,1206,0.000067%
2016,ARM,ALL,940320,16497,0.00092%
2016,ARM,ALL,940330,5854,0.00033%
2016,ARM,ALL,940340,113930,0.0064%
2016,ARM,ALL,940350,50802,0.0028%
2016,ARM,ALL,940360,365419,0.020%
2016,ARM,ALL,940370,16372,0.00092%
2016,ARM,ALL,940380,2435,0.00014%
2016,ARM,ALL,940390,246891,0.014%
2016,ARM,ALL,940421,282,0.000016%
2016,ARM,ALL,940429,46865,0.0026%
2016,ARM,ALL,940490,19586,0.0011%
2016,ARM,ALL,940510,16271,0.00091%
2016,ARM,ALL,940520,4586,0.00026%
2016,ARM,ALL,940540,38516,0.0022%
2016,ARM,ALL,940550,458,0.000026%
2016,ARM,ALL,940560,466360,0.026%
2016,ARM,ALL,940591,612,0.000034%
2016,ARM,ALL,940600,16362,0.00092%
2016,ARM,ALL,950390,173039,0.0097%
2016,ARM,ALL,950410,359,0.000020%
2016,ARM,ALL,950420,7627,0.00043%
2016,ARM,ALL,950430,8467,0.00047%
2016,ARM,ALL,950490,6414,0.00036%
2016,ARM,ALL,950510,125698,0.0070%
2016,ARM,ALL,950651,1,5.6e-8%
2016,ARM,ALL,950659,20,0.0000011%
2016,ARM,ALL,950662,789,0.000044%
2016,ARM,ALL,950670,106,0.0000059%
2016,ARM,ALL,950691,104,0.0000058%
2016,ARM,ALL,950699,810,0.000045%
2016,ARM,ALL,950790,11,6.2e-7%
2016,ARM,ALL,960310,3366,0.00019%
2016,ARM,ALL,960330,5692,0.00032%
2016,ARM,ALL,960340,1176,0.000066%
2016,ARM,ALL,960350,330,0.000018%
2016,ARM,ALL,960390,701,0.000039%
2016,ARM,ALL,960610,11345,0.00063%
2016,ARM,ALL,960621,4263,0.00024%
2016,ARM,ALL,960622,240,0.000013%
2016,ARM,ALL,960711,939,0.000053%
2016,ARM,ALL,960719,6010,0.00034%
2016,ARM,ALL,960720,6961,0.00039%
2016,ARM,ALL,960810,6686,0.00037%
2016,ARM,ALL,960839,1978,0.00011%
2016,ARM,ALL,961000,13,7.3e-7%
2016,ARM,ALL,961100,117,0.0000065%
2016,ARM,ALL,961210,85,0.0000048%
2016,ARM,ALL,961380,15,8.4e-7%
2016,ARM,ALL,961420,1462,0.000082%
2016,ARM,ALL,961519,288,0.000016%
2016,ARM,ALL,961590,36,0.0000020%
2016,ARM,ALL,961620,260,0.000015%
2016,ARM,ALL,961700,28013,0.0016%
2016,ARM,ALL,961800,1517,0.000085%
2016,ARM,ALL,970110,12723,0.00071%
2016,ARM,ALL,970300,200,0.000011%
2016,ARM,ALL,970500,50,0.0000028%
2016,ARM,ALL,999999,76473612,4.3%
