year,country_origin_id,country_destination_id,hs92_product_id,import_val,import_val_pct
2000,ARM,LBR,ALL,118445,0.00025%
2000,ARM,SYC,ALL,18950,0.000040%
2000,ARM,ZAF,ALL,351110,0.00074%
2000,ARM,ZWE,ALL,732961,0.0016%
2000,ARM,ARE,ALL,37812640.44,0.080%
2000,ARM,CHN,ALL,2123342.82,0.0045%
2000,ARM,CYP,ALL,5882770.45,0.012%
2000,ARM,GEO,ALL,18890817.34,0.040%
2000,ARM,HKG,ALL,11792985.31,0.025%
2000,ARM,IDN,ALL,708103.46,0.0015%
2000,ARM,IND,ALL,5840437.33,0.012%
2000,ARM,IRN,ALL,71011823.46,0.15%
2000,ARM,ISR,ALL,19006115.87,0.040%
2000,ARM,JOR,ALL,13802.29,0.000029%
2000,ARM,JPN,ALL,4617113.17,0.0098%
2000,ARM,KAZ,ALL,4733125.85,0.010%
2000,ARM,KGZ,ALL,12699,0.000027%
2000,ARM,KHM,ALL,5943,0.000013%
2000,ARM,KOR,ALL,1400962.56,0.0030%
2000,ARM,LBN,ALL,4343038.68,0.0092%
2000,ARM,LKA,ALL,79330,0.00017%
2000,ARM,MYS,ALL,242119.19,0.00051%
2000,ARM,NPL,ALL,7191,0.000015%
2000,ARM,OMN,ALL,135477.58,0.00029%
2000,ARM,SGP,ALL,578714.91,0.0012%
2000,ARM,SYR,ALL,266615.81,0.00056%
2000,ARM,THA,ALL,374679.92,0.00079%
2000,ARM,TKM,ALL,1017266.47,0.0022%
2000,ARM,TUR,ALL,32804814.03,0.069%
2000,ARM,UZB,ALL,706427.94,0.0015%
2000,ARM,VNM,ALL,1568929.92,0.0033%
2000,ARM,XXB,ALL,833368.36,0.0018%
2000,ARM,AUT,ALL,3390768.78,0.0072%
2000,ARM,BGR,ALL,9483739.35,0.020%
2000,ARM,BLR,ALL,780255.68,0.0017%
2000,ARM,BLX,ALL,92687513.6,0.20%
2000,ARM,CHE,ALL,22369173.52,0.047%
2000,ARM,CZE,ALL,8723405.17,0.018%
2000,ARM,DEU,ALL,41478261.59,0.088%
2000,ARM,DNK,ALL,1734070.47,0.0037%
2000,ARM,ESP,ALL,3335046.34,0.0071%
2000,ARM,EST,ALL,388194.61,0.00082%
2000,ARM,FIN,ALL,2165945.07,0.0046%
2000,ARM,FRA,ALL,19578897.92,0.041%
2000,ARM,GBR,ALL,52519571.89,0.11%
2000,ARM,GIB,ALL,1761358,0.0037%
2000,ARM,GRC,ALL,58654716.17,0.12%
2000,ARM,HRV,ALL,61026.32,0.00013%
2000,ARM,HUN,ALL,2274419.1,0.0048%
2000,ARM,IRL,ALL,1382395.35,0.0029%
2000,ARM,ISL,ALL,27322.59,0.000058%
2000,ARM,ITA,ALL,31239330.52,0.066%
2000,ARM,LTU,ALL,2787236,0.0059%
2000,ARM,LVA,ALL,1049984.38,0.0022%
2000,ARM,MDA,ALL,493524.74,0.0010%
2000,ARM,MKD,ALL,30048.54,0.000064%
2000,ARM,NLD,ALL,12933199.43,0.027%
2000,ARM,NOR,ALL,106701.89,0.00023%
2000,ARM,POL,ALL,2005910.52,0.0042%
2000,ARM,PRT,ALL,352591.15,0.00075%
2000,ARM,ROU,ALL,300992.08,0.00064%
2000,ARM,RUS,ALL,112919232.65,0.24%
2000,ARM,SVK,ALL,570827.59,0.0012%
2000,ARM,SVN,ALL,1135821.17,0.0024%
2000,ARM,SWE,ALL,6739689.21,0.014%
2000,ARM,UKR,ALL,12846165.67,0.027%
2000,ARM,YUG,ALL,177595.16,0.00038%
2000,ARM,ANT,ALL,545361.86,0.0012%
2000,ARM,BHS,ALL,46305.1,0.000098%
2000,ARM,BLZ,ALL,25000,0.000053%
2000,ARM,CAN,ALL,5372554.26,0.011%
2000,ARM,CUB,ALL,46373,0.000098%
2000,ARM,MEX,ALL,10846,0.000023%
2000,ARM,PAN,ALL,19939492.34,0.042%
2000,ARM,USA,ALL,109059983.79,0.23%
2000,ARM,VGB,ALL,5051892.66,0.011%
2000,ARM,AUS,ALL,1907980.48,0.0040%
2000,ARM,FJI,ALL,18480,0.000039%
2000,ARM,NZL,ALL,190649.27,0.00040%
2000,ARM,ARG,ALL,37130.07,0.000079%
2000,ARM,BRA,ALL,1520196,0.0032%
2000,ARM,CHL,ALL,280737,0.00059%
2000,ARM,URY,ALL,50416.42,0.00011%
2001,ARM,EGY,ALL,732742,0.0016%
2001,ARM,LBR,ALL,74455,0.00016%
2001,ARM,MAR,ALL,73120,0.00015%
2001,ARM,TZA,ALL,180422,0.00038%
2001,ARM,ZAF,ALL,309744.79,0.00066%
2001,ARM,ZMB,ALL,3748,0.0000079%
2001,ARM,ARE,ALL,43737896.12,0.093%
2001,ARM,CHN,ALL,3586622.85,0.0076%
2001,ARM,CYP,ALL,7868727.43,0.017%
2001,ARM,GEO,ALL,14984828.9,0.032%
2001,ARM,HKG,ALL,3824747.9,0.0081%
2001,ARM,IDN,ALL,244431.71,0.00052%
2001,ARM,IND,ALL,5773079.55,0.012%
2001,ARM,IRN,ALL,79104661.94,0.17%
2001,ARM,IRQ,ALL,55550,0.00012%
2001,ARM,ISR,ALL,27715770.07,0.059%
2001,ARM,JPN,ALL,2961388.2,0.0063%
2001,ARM,KAZ,ALL,2160310.97,0.0046%
2001,ARM,KGZ,ALL,59830.04,0.00013%
2001,ARM,KOR,ALL,1834895.93,0.0039%
2001,ARM,LBN,ALL,5915096.94,0.013%
2001,ARM,LKA,ALL,135971.44,0.00029%
2001,ARM,MYS,ALL,1332242.46,0.0028%
2001,ARM,OMN,ALL,149499.33,0.00032%
2001,ARM,PAK,ALL,739886.72,0.0016%
2001,ARM,SAU,ALL,1123,0.0000024%
2001,ARM,SGP,ALL,535493.76,0.0011%
2001,ARM,SYR,ALL,3460114.42,0.0073%
2001,ARM,THA,ALL,700547.17,0.0015%
2001,ARM,TKM,ALL,729305.71,0.0015%
2001,ARM,TUR,ALL,28071143.55,0.059%
2001,ARM,UZB,ALL,1179799.86,0.0025%
2001,ARM,VNM,ALL,456423,0.00097%
2001,ARM,XXB,ALL,345863.12,0.00073%
2001,ARM,AUT,ALL,5668943.64,0.012%
2001,ARM,BGR,ALL,7144925.09,0.015%
2001,ARM,BLR,ALL,1298246.82,0.0027%
2001,ARM,BLX,ALL,51472011.25,0.11%
2001,ARM,CHE,ALL,25523680.77,0.054%
2001,ARM,CZE,ALL,3718428.41,0.0079%
2001,ARM,DEU,ALL,39536337.27,0.084%
2001,ARM,DNK,ALL,1597505.91,0.0034%
2001,ARM,ESP,ALL,7133307.56,0.015%
2001,ARM,EST,ALL,356848.24,0.00076%
2001,ARM,FIN,ALL,1927468.93,0.0041%
2001,ARM,FRA,ALL,14499404.21,0.031%
2001,ARM,GBR,ALL,88697758.43,0.19%
2001,ARM,GIB,ALL,57075,0.00012%
2001,ARM,GRC,ALL,17099422.56,0.036%
2001,ARM,HRV,ALL,377758.71,0.00080%
2001,ARM,HUN,ALL,1966535.82,0.0042%
2001,ARM,IRL,ALL,407796.61,0.00086%
2001,ARM,ISL,ALL,94629.95,0.00020%
2001,ARM,ITA,ALL,33278870.22,0.070%
2001,ARM,LTU,ALL,4650073.16,0.0098%
2001,ARM,LVA,ALL,691146.86,0.0015%
2001,ARM,MDA,ALL,530594.19,0.0011%
2001,ARM,MKD,ALL,113564.99,0.00024%
2001,ARM,NLD,ALL,7877977.87,0.017%
2001,ARM,NOR,ALL,136741.18,0.00029%
2001,ARM,POL,ALL,2832611.91,0.0060%
2001,ARM,PRT,ALL,457965.63,0.00097%
2001,ARM,ROU,ALL,1560505.92,0.0033%
2001,ARM,RUS,ALL,94587772.34,0.20%
2001,ARM,SVK,ALL,1011819.72,0.0021%
2001,ARM,SVN,ALL,879017.46,0.0019%
2001,ARM,SWE,ALL,13305498.93,0.028%
2001,ARM,UKR,ALL,23874383.79,0.051%
2001,ARM,YUG,ALL,652457.78,0.0014%
2001,ARM,BHS,ALL,659343.84,0.0014%
2001,ARM,CAN,ALL,6751728.03,0.014%
2001,ARM,CUB,ALL,1705632.39,0.0036%
2001,ARM,DMA,ALL,131350.09,0.00028%
2001,ARM,DOM,ALL,235498.03,0.00050%
2001,ARM,MEX,ALL,22617,0.000048%
2001,ARM,PAN,ALL,18799012.61,0.040%
2001,ARM,USA,ALL,85145392.12,0.18%
2001,ARM,VGB,ALL,14971541.36,0.032%
2001,ARM,AUS,ALL,2729639.9,0.0058%
2001,ARM,WSM,ALL,6796,0.000014%
2001,ARM,ARG,ALL,49048.42,0.00010%
2001,ARM,BRA,ALL,2450055.8,0.0052%
2001,ARM,CHL,ALL,55382,0.00012%
2001,ARM,URY,ALL,19175.59,0.000041%
2002,ARM,EGY,ALL,156311.49,0.00033%
2002,ARM,GHA,ALL,84678.34,0.00018%
2002,ARM,TZA,ALL,328626,0.00070%
2002,ARM,ZAF,ALL,2424033.96,0.0051%
2002,ARM,ZWE,ALL,271004.35,0.00057%
2002,ARM,ARE,ALL,40450629.75,0.086%
2002,ARM,CHN,ALL,8137758.81,0.017%
2002,ARM,CYP,ALL,2374887.75,0.0050%
2002,ARM,GEO,ALL,24371404.04,0.052%
2002,ARM,HKG,ALL,2416709.7,0.0051%
2002,ARM,IDN,ALL,4550790.89,0.0096%
2002,ARM,IND,ALL,3912707.73,0.0083%
2002,ARM,IRN,ALL,63430111.54,0.13%
2002,ARM,ISR,ALL,82936467.9,0.18%
2002,ARM,JOR,ALL,9106,0.000019%
2002,ARM,JPN,ALL,744771.36,0.0016%
2002,ARM,KAZ,ALL,2734756.87,0.0058%
2002,ARM,KGZ,ALL,62127.63,0.00013%
2002,ARM,KOR,ALL,3130707.69,0.0066%
2002,ARM,LBN,ALL,1789379.06,0.0038%
2002,ARM,LKA,ALL,485010.05,0.0010%
2002,ARM,MYS,ALL,723807.95,0.0015%
2002,ARM,NPL,ALL,3014,0.0000064%
2002,ARM,OMN,ALL,69617,0.00015%
2002,ARM,PAK,ALL,120845,0.00026%
2002,ARM,PHL,ALL,3682,0.0000078%
2002,ARM,QAT,ALL,5552,0.000012%
2002,ARM,SGP,ALL,1363682.36,0.0029%
2002,ARM,SYR,ALL,335370.17,0.00071%
2002,ARM,THA,ALL,777835.92,0.0016%
2002,ARM,TKM,ALL,23409826.07,0.050%
2002,ARM,TUR,ALL,33142848.88,0.070%
2002,ARM,UZB,ALL,1180826.05,0.0025%
2002,ARM,VNM,ALL,3739795.1,0.0079%
2002,ARM,XXB,ALL,531466.32,0.0011%
2002,ARM,ALB,ALL,1457.91,0.0000031%
2002,ARM,AND,ALL,11400.09,0.000024%
2002,ARM,AUT,ALL,4965614.32,0.011%
2002,ARM,BGR,ALL,37189049.48,0.079%
2002,ARM,BLR,ALL,3135158.55,0.0066%
2002,ARM,BLX,ALL,104563134.16,0.22%
2002,ARM,CHE,ALL,11524605.31,0.024%
2002,ARM,CZE,ALL,3767686.84,0.0080%
2002,ARM,DEU,ALL,42445866.4,0.090%
2002,ARM,DNK,ALL,1654059.68,0.0035%
2002,ARM,ESP,ALL,3670814.7,0.0078%
2002,ARM,EST,ALL,252336.59,0.00053%
2002,ARM,FIN,ALL,2859123.7,0.0061%
2002,ARM,FRA,ALL,17915306.43,0.038%
2002,ARM,GBR,ALL,28798728.23,0.061%
2002,ARM,GIB,ALL,226216,0.00048%
2002,ARM,GRC,ALL,15738307.55,0.033%
2002,ARM,HRV,ALL,195556.37,0.00041%
2002,ARM,HUN,ALL,2098987.49,0.0044%
2002,ARM,IRL,ALL,416124.53,0.00088%
2002,ARM,ISL,ALL,14977,0.000032%
2002,ARM,ITA,ALL,41067184.22,0.087%
2002,ARM,LTU,ALL,4546987.71,0.0096%
2002,ARM,LVA,ALL,595337.56,0.0013%
2002,ARM,MDA,ALL,958849.97,0.0020%
2002,ARM,MKD,ALL,235771.43,0.00050%
2002,ARM,MLT,ALL,28974,0.000061%
2002,ARM,NLD,ALL,10946964.88,0.023%
2002,ARM,NOR,ALL,504044.66,0.0011%
2002,ARM,POL,ALL,2842970.47,0.0060%
2002,ARM,PRT,ALL,790864.29,0.0017%
2002,ARM,ROU,ALL,6698208.24,0.014%
2002,ARM,RUS,ALL,177983327.93,0.38%
2002,ARM,SVK,ALL,3523604.44,0.0075%
2002,ARM,SVN,ALL,895563.77,0.0019%
2002,ARM,SWE,ALL,1370022.3,0.0029%
2002,ARM,UKR,ALL,41256972.27,0.087%
2002,ARM,YUG,ALL,344516.07,0.00073%
2002,ARM,CAN,ALL,3113294.92,0.0066%
2002,ARM,CRI,ALL,1018328.54,0.0022%
2002,ARM,DMA,ALL,42981.36,0.000091%
2002,ARM,DOM,ALL,179286.01,0.00038%
2002,ARM,GTM,ALL,9102.67,0.000019%
2002,ARM,PAN,ALL,3113294.38,0.0066%
2002,ARM,USA,ALL,122816055.33,0.26%
2002,ARM,VGB,ALL,1421443.26,0.0030%
2002,ARM,AUS,ALL,1439824.03,0.0030%
2002,ARM,FJI,ALL,763005,0.0016%
2002,ARM,MHL,ALL,8987,0.000019%
2002,ARM,NZL,ALL,54655.83,0.00012%
2002,ARM,WSM,ALL,2223,0.0000047%
2002,ARM,ARG,ALL,894341.61,0.0019%
2002,ARM,BRA,ALL,14056482.33,0.030%
2002,ARM,CHL,ALL,9962.18,0.000021%
2002,ARM,COL,ALL,27381.39,0.000058%
2002,ARM,ECU,ALL,654839.5,0.0014%
2002,ARM,URY,ALL,37760.52,0.000080%
2002,ARM,VEN,ALL,16229.04,0.000034%
2002,ARM,XXA,ALL,557950.08,0.0012%
2003,ARM,DZA,ALL,3696936,0.0078%
2003,ARM,EGY,ALL,163631.57,0.00035%
2003,ARM,ERI,ALL,15217,0.000032%
2003,ARM,GHA,ALL,166830.07,0.00035%
2003,ARM,KEN,ALL,100207,0.00021%
2003,ARM,LBR,ALL,587435.44,0.0012%
2003,ARM,MAR,ALL,48455.34,0.00010%
2003,ARM,SYC,ALL,98246,0.00021%
2003,ARM,ZAF,ALL,1066541.32,0.0023%
2003,ARM,ARE,ALL,56191122.34,0.12%
2003,ARM,CHN,ALL,10111502.61,0.021%
2003,ARM,CYP,ALL,14406622.76,0.030%
2003,ARM,GEO,ALL,26968326.14,0.057%
2003,ARM,HKG,ALL,2897519.37,0.0061%
2003,ARM,IDN,ALL,438000.85,0.00093%
2003,ARM,IND,ALL,6071632.55,0.013%
2003,ARM,IRN,ALL,72052690.46,0.15%
2003,ARM,IRQ,ALL,54550,0.00012%
2003,ARM,ISR,ALL,123827110.54,0.26%
2003,ARM,JOR,ALL,8663,0.000018%
2003,ARM,JPN,ALL,11267815.11,0.024%
2003,ARM,KAZ,ALL,6111374.3,0.013%
2003,ARM,KGZ,ALL,8072,0.000017%
2003,ARM,KOR,ALL,3657137.93,0.0077%
2003,ARM,KWT,ALL,9043,0.000019%
2003,ARM,LBN,ALL,6253594.25,0.013%
2003,ARM,LKA,ALL,322963.51,0.00068%
2003,ARM,MNG,ALL,9199,0.000019%
2003,ARM,MYS,ALL,884887.8,0.0019%
2003,ARM,NPL,ALL,2150.48,0.0000046%
2003,ARM,PAK,ALL,146929.57,0.00031%
2003,ARM,PRK,ALL,54196.76,0.00011%
2003,ARM,SAU,ALL,22992.33,0.000049%
2003,ARM,SGP,ALL,1147881.97,0.0024%
2003,ARM,SYR,ALL,873610.31,0.0018%
2003,ARM,THA,ALL,393605.86,0.00083%
2003,ARM,TKM,ALL,48366.99,0.00010%
2003,ARM,TUR,ALL,31177247.01,0.066%
2003,ARM,UZB,ALL,1320165.22,0.0028%
2003,ARM,VNM,ALL,1498983.47,0.0032%
2003,ARM,XXB,ALL,474271.65,0.0010%
2003,ARM,AND,ALL,20997.41,0.000044%
2003,ARM,AUT,ALL,5836571.81,0.012%
2003,ARM,BGR,ALL,13469976.38,0.029%
2003,ARM,BIH,ALL,207956,0.00044%
2003,ARM,BLR,ALL,7709986.1,0.016%
2003,ARM,BLX,ALL,158752268.21,0.34%
2003,ARM,CHE,ALL,44515244.09,0.094%
2003,ARM,CZE,ALL,3988136.85,0.0084%
2003,ARM,DEU,ALL,77153347.18,0.16%
2003,ARM,DNK,ALL,2250863.46,0.0048%
2003,ARM,ESP,ALL,6923270.33,0.015%
2003,ARM,EST,ALL,453510.19,0.00096%
2003,ARM,FIN,ALL,2676398.48,0.0057%
2003,ARM,FRA,ALL,17589466.52,0.037%
2003,ARM,GBR,ALL,56560485.29,0.12%
2003,ARM,GIB,ALL,89323,0.00019%
2003,ARM,GRC,ALL,33127887.12,0.070%
2003,ARM,HRV,ALL,321154.68,0.00068%
2003,ARM,HUN,ALL,3241274.01,0.0069%
2003,ARM,IRL,ALL,1229605.18,0.0026%
2003,ARM,ISL,ALL,183330.27,0.00039%
2003,ARM,ITA,ALL,50313081.06,0.11%
2003,ARM,LTU,ALL,1330731.16,0.0028%
2003,ARM,LVA,ALL,1234605.74,0.0026%
2003,ARM,MDA,ALL,2525393.49,0.0053%
2003,ARM,MKD,ALL,173365.55,0.00037%
2003,ARM,MLT,ALL,118630.62,0.00025%
2003,ARM,NLD,ALL,11797064.14,0.025%
2003,ARM,NOR,ALL,15838.92,0.000034%
2003,ARM,POL,ALL,3634075.2,0.0077%
2003,ARM,PRT,ALL,883431.14,0.0019%
2003,ARM,ROU,ALL,413994.31,0.00088%
2003,ARM,RUS,ALL,204043858.49,0.43%
2003,ARM,SVK,ALL,3689715.06,0.0078%
2003,ARM,SVN,ALL,958270.05,0.0020%
2003,ARM,SWE,ALL,3505119.43,0.0074%
2003,ARM,UKR,ALL,49369632.01,0.10%
2003,ARM,YUG,ALL,199449,0.00042%
2003,ARM,BHS,ALL,8234.78,0.000017%
2003,ARM,BLZ,ALL,7745,0.000016%
2003,ARM,CAN,ALL,3823698.46,0.0081%
2003,ARM,CRI,ALL,5597.21,0.000012%
2003,ARM,CUB,ALL,1212628.81,0.0026%
2003,ARM,DMA,ALL,58397.39,0.00012%
2003,ARM,DOM,ALL,3150038.09,0.0067%
2003,ARM,MEX,ALL,81563,0.00017%
2003,ARM,PAN,ALL,12042258.79,0.025%
2003,ARM,USA,ALL,152218980,0.32%
2003,ARM,VGB,ALL,6156393.98,0.013%
2003,ARM,AUS,ALL,2411919.56,0.0051%
2003,ARM,FJI,ALL,356618,0.00075%
2003,ARM,NZL,ALL,86623,0.00018%
2003,ARM,PYF,ALL,5119,0.000011%
2003,ARM,ARG,ALL,436632.25,0.00092%
2003,ARM,BRA,ALL,5968042.96,0.013%
2003,ARM,PER,ALL,35239.88,0.000075%
2003,ARM,URY,ALL,87442.63,0.00019%
2003,ARM,VEN,ALL,27290.95,0.000058%
2003,ARM,XXA,ALL,3529050.2,0.0075%
2004,ARM,DZA,ALL,7600,0.000016%
2004,ARM,EGY,ALL,313763.23,0.00066%
2004,ARM,GHA,ALL,207188.4,0.00044%
2004,ARM,GIN,ALL,137895,0.00029%
2004,ARM,KEN,ALL,14230,0.000030%
2004,ARM,LBR,ALL,522182.38,0.0011%
2004,ARM,MAR,ALL,55403,0.00012%
2004,ARM,SEN,ALL,2069,0.0000044%
2004,ARM,SOM,ALL,2786,0.0000059%
2004,ARM,SYC,ALL,43815,0.000093%
2004,ARM,TUN,ALL,17070,0.000036%
2004,ARM,ZAF,ALL,1686355.74,0.0036%
2004,ARM,ZWE,ALL,123397,0.00026%
2004,ARM,ARE,ALL,57942013.77,0.12%
2004,ARM,BGD,ALL,6890,0.000015%
2004,ARM,BHR,ALL,7306,0.000015%
2004,ARM,CHN,ALL,18815593.39,0.040%
2004,ARM,CYP,ALL,18170361.64,0.038%
2004,ARM,GEO,ALL,47031283.74,0.10%
2004,ARM,HKG,ALL,1661191.6,0.0035%
2004,ARM,IDN,ALL,743720.73,0.0016%
2004,ARM,IND,ALL,9084983.52,0.019%
2004,ARM,IRN,ALL,97510934.55,0.21%
2004,ARM,IRQ,ALL,63653,0.00013%
2004,ARM,ISR,ALL,100518951.46,0.21%
2004,ARM,JOR,ALL,3980.05,0.0000084%
2004,ARM,JPN,ALL,1856922.86,0.0039%
2004,ARM,KAZ,ALL,13600608.46,0.029%
2004,ARM,KGZ,ALL,4736.09,0.000010%
2004,ARM,KOR,ALL,3242896.46,0.0069%
2004,ARM,KWT,ALL,23999,0.000051%
2004,ARM,LBN,ALL,9211659.83,0.019%
2004,ARM,LKA,ALL,342599.43,0.00073%
2004,ARM,MYS,ALL,1501121.16,0.0032%
2004,ARM,PAK,ALL,815986,0.0017%
2004,ARM,PHL,ALL,11669.4,0.000025%
2004,ARM,SAU,ALL,82920,0.00018%
2004,ARM,SGP,ALL,1057538.54,0.0022%
2004,ARM,SYR,ALL,943340.23,0.0020%
2004,ARM,THA,ALL,640977.01,0.0014%
2004,ARM,TKM,ALL,99072.72,0.00021%
2004,ARM,TUR,ALL,36937342.17,0.078%
2004,ARM,UZB,ALL,1278806.47,0.0027%
2004,ARM,VNM,ALL,911042.67,0.0019%
2004,ARM,XXB,ALL,1679004.49,0.0036%
2004,ARM,YEM,ALL,16786,0.000036%
2004,ARM,AND,ALL,17738.69,0.000038%
2004,ARM,AUT,ALL,8657931.69,0.018%
2004,ARM,BGR,ALL,13499821.53,0.029%
2004,ARM,BIH,ALL,195999,0.00041%
2004,ARM,BLR,ALL,9244449.5,0.020%
2004,ARM,BLX,ALL,155034461.48,0.33%
2004,ARM,CHE,ALL,44676221.13,0.095%
2004,ARM,CZE,ALL,5917579.06,0.013%
2004,ARM,DEU,ALL,65003152.35,0.14%
2004,ARM,DNK,ALL,2161658.51,0.0046%
2004,ARM,ESP,ALL,6514611.45,0.014%
2004,ARM,EST,ALL,628733.48,0.0013%
2004,ARM,FIN,ALL,4168326.25,0.0088%
2004,ARM,FRA,ALL,21512555.43,0.046%
2004,ARM,GBR,ALL,95646499.6,0.20%
2004,ARM,GIB,ALL,152461.71,0.00032%
2004,ARM,GRC,ALL,33598635.44,0.071%
2004,ARM,HRV,ALL,245214.7,0.00052%
2004,ARM,HUN,ALL,4695435.08,0.0099%
2004,ARM,IRL,ALL,1170842.51,0.0025%
2004,ARM,ISL,ALL,373571.13,0.00079%
2004,ARM,ITA,ALL,51318118.04,0.11%
2004,ARM,LTU,ALL,1068692.85,0.0023%
2004,ARM,LVA,ALL,2000502.9,0.0042%
2004,ARM,MDA,ALL,2700214.35,0.0057%
2004,ARM,MKD,ALL,342030.09,0.00072%
2004,ARM,MLT,ALL,142057.22,0.00030%
2004,ARM,NLD,ALL,11355578.48,0.024%
2004,ARM,NOR,ALL,259347.58,0.00055%
2004,ARM,POL,ALL,5914547.51,0.013%
2004,ARM,PRT,ALL,1189855.6,0.0025%
2004,ARM,ROU,ALL,2265906.43,0.0048%
2004,ARM,RUS,ALL,189623168.71,0.40%
2004,ARM,SVK,ALL,4195331.03,0.0089%
2004,ARM,SVN,ALL,1221886.92,0.0026%
2004,ARM,SWE,ALL,3642862.87,0.0077%
2004,ARM,UKR,ALL,69792413.43,0.15%
2004,ARM,YUG,ALL,657173.28,0.0014%
2004,ARM,BHS,ALL,601143.33,0.0013%
2004,ARM,CAN,ALL,4166570.87,0.0088%
2004,ARM,CUB,ALL,1815647.12,0.0038%
2004,ARM,DMA,ALL,2185250.71,0.0046%
2004,ARM,DOM,ALL,2036694.9,0.0043%
2004,ARM,MEX,ALL,162031,0.00034%
2004,ARM,PAN,ALL,50534022.56,0.11%
2004,ARM,USA,ALL,103520769.13,0.22%
2004,ARM,VGB,ALL,9035767.67,0.019%
2004,ARM,AUS,ALL,3464231.24,0.0073%
2004,ARM,NZL,ALL,478135.26,0.0010%
2004,ARM,ARG,ALL,2221176.44,0.0047%
2004,ARM,BRA,ALL,9543840.67,0.020%
2004,ARM,PRY,ALL,142705.57,0.00030%
2004,ARM,URY,ALL,2006308.17,0.0042%
2004,ARM,XXA,ALL,973427.25,0.0021%
2005,ARM,EGY,ALL,185382.37,0.00039%
2005,ARM,ETH,ALL,4457,0.0000094%
2005,ARM,GHA,ALL,234024.37,0.00050%
2005,ARM,KEN,ALL,32110,0.000068%
2005,ARM,LBR,ALL,8629,0.000018%
2005,ARM,MWI,ALL,94526,0.00020%
2005,ARM,SEN,ALL,14635,0.000031%
2005,ARM,STP,ALL,7865,0.000017%
2005,ARM,SYC,ALL,8249,0.000017%
2005,ARM,TZA,ALL,8282.79,0.000018%
2005,ARM,UGA,ALL,32909,0.000070%
2005,ARM,ZAF,ALL,1122548.18,0.0024%
2005,ARM,ZMB,ALL,8256.55,0.000017%
2005,ARM,ARE,ALL,87935563.19,0.19%
2005,ARM,CHN,ALL,35938365.55,0.076%
2005,ARM,CYP,ALL,10511724.51,0.022%
2005,ARM,GEO,ALL,44449602.13,0.094%
2005,ARM,HKG,ALL,1886584.46,0.0040%
2005,ARM,IDN,ALL,964647.72,0.0020%
2005,ARM,IND,ALL,12097011.76,0.026%
2005,ARM,IRN,ALL,125488560.14,0.27%
2005,ARM,ISR,ALL,102618733.4,0.22%
2005,ARM,JOR,ALL,340224.14,0.00072%
2005,ARM,JPN,ALL,3033976.23,0.0064%
2005,ARM,KAZ,ALL,43297048.01,0.092%
2005,ARM,KGZ,ALL,958339.92,0.0020%
2005,ARM,KOR,ALL,5933792.32,0.013%
2005,ARM,LBN,ALL,10578384.35,0.022%
2005,ARM,LKA,ALL,554315.48,0.0012%
2005,ARM,MYS,ALL,1325474.14,0.0028%
2005,ARM,NPL,ALL,2351.73,0.0000050%
2005,ARM,OMN,ALL,41823,0.000089%
2005,ARM,PAK,ALL,664557.26,0.0014%
2005,ARM,QAT,ALL,5467,0.000012%
2005,ARM,SAU,ALL,433815,0.00092%
2005,ARM,SGP,ALL,1285182.04,0.0027%
2005,ARM,SYR,ALL,2175922.13,0.0046%
2005,ARM,THA,ALL,896868.98,0.0019%
2005,ARM,TKM,ALL,1075611.07,0.0023%
2005,ARM,TUR,ALL,52429633.35,0.11%
2005,ARM,UZB,ALL,1336443.38,0.0028%
2005,ARM,VNM,ALL,1481832.54,0.0031%
2005,ARM,XXB,ALL,988245,0.0021%
2005,ARM,AND,ALL,15451,0.000033%
2005,ARM,AUT,ALL,8718060.11,0.018%
2005,ARM,BGR,ALL,14699122.99,0.031%
2005,ARM,BIH,ALL,394693,0.00084%
2005,ARM,BLR,ALL,13371385.33,0.028%
2005,ARM,BLX,ALL,185702543.78,0.39%
2005,ARM,CHE,ALL,84957944.52,0.18%
2005,ARM,CZE,ALL,10344197.29,0.022%
2005,ARM,DEU,ALL,127382241.39,0.27%
2005,ARM,DNK,ALL,3905500.12,0.0083%
2005,ARM,ESP,ALL,9211255.8,0.019%
2005,ARM,EST,ALL,1091683.64,0.0023%
2005,ARM,FIN,ALL,5585769.94,0.012%
2005,ARM,FRA,ALL,52605807.25,0.11%
2005,ARM,GBR,ALL,80842099.51,0.17%
2005,ARM,GIB,ALL,510534.76,0.0011%
2005,ARM,GRC,ALL,41463630.28,0.088%
2005,ARM,HRV,ALL,409591.68,0.00087%
2005,ARM,HUN,ALL,6622228.01,0.014%
2005,ARM,IRL,ALL,1100569.06,0.0023%
2005,ARM,ISL,ALL,198838.29,0.00042%
2005,ARM,ITA,ALL,66483568.04,0.14%
2005,ARM,LTU,ALL,2197633.5,0.0047%
2005,ARM,LVA,ALL,1879509.57,0.0040%
2005,ARM,MDA,ALL,2414077.32,0.0051%
2005,ARM,MKD,ALL,194551.89,0.00041%
2005,ARM,MLT,ALL,214909.12,0.00045%
2005,ARM,NLD,ALL,13588135.16,0.029%
2005,ARM,NOR,ALL,167511.87,0.00035%
2005,ARM,POL,ALL,6362360.45,0.013%
2005,ARM,PRT,ALL,442378.57,0.00094%
2005,ARM,ROU,ALL,5053309.66,0.011%
2005,ARM,RUS,ALL,268264379.96,0.57%
2005,ARM,SRB,ALL,920494,0.0019%
2005,ARM,SVK,ALL,4922752.93,0.010%
2005,ARM,SVN,ALL,2971360.19,0.0063%
2005,ARM,SWE,ALL,2371532.36,0.0050%
2005,ARM,UKR,ALL,96122797.73,0.20%
2005,ARM,YUG,ALL,390651.44,0.00083%
2005,ARM,BHS,ALL,2121523.8,0.0045%
2005,ARM,BLZ,ALL,115785,0.00025%
2005,ARM,CAN,ALL,5673319.85,0.012%
2005,ARM,CUB,ALL,2190839.66,0.0046%
2005,ARM,CYM,ALL,72533.57,0.00015%
2005,ARM,DMA,ALL,2551814.25,0.0054%
2005,ARM,DOM,ALL,227586.28,0.00048%
2005,ARM,KNA,ALL,175323,0.00037%
2005,ARM,MEX,ALL,68262,0.00014%
2005,ARM,PAN,ALL,65696915.5,0.14%
2005,ARM,SLV,ALL,8278,0.000018%
2005,ARM,USA,ALL,108096284.36,0.23%
2005,ARM,VGB,ALL,38534758.72,0.082%
2005,ARM,AUS,ALL,9533037.35,0.020%
2005,ARM,NZL,ALL,6000762.78,0.013%
2005,ARM,ARG,ALL,2322596.72,0.0049%
2005,ARM,BRA,ALL,7412251.55,0.016%
2005,ARM,CHL,ALL,91939.16,0.00019%
2005,ARM,COL,ALL,15812,0.000033%
2005,ARM,ECU,ALL,288052.73,0.00061%
2005,ARM,PER,ALL,33594,0.000071%
2005,ARM,PRY,ALL,336401.82,0.00071%
2005,ARM,URY,ALL,2020933.47,0.0043%
2005,ARM,VEN,ALL,2855.66,0.0000060%
2005,ARM,XXA,ALL,930133.46,0.0020%
2006,ARM,CIV,ALL,1558210.6,0.0033%
2006,ARM,CMR,ALL,58066.35,0.00012%
2006,ARM,EGY,ALL,2735580.3,0.0058%
2006,ARM,ERI,ALL,1707,0.0000036%
2006,ARM,ETH,ALL,233021.95,0.00049%
2006,ARM,GHA,ALL,1497194.67,0.0032%
2006,ARM,GIN,ALL,36706,0.000078%
2006,ARM,KEN,ALL,41015.36,0.000087%
2006,ARM,MAR,ALL,49507.33,0.00010%
2006,ARM,MWI,ALL,236488.56,0.00050%
2006,ARM,SEN,ALL,81788,0.00017%
2006,ARM,SLE,ALL,48432,0.00010%
2006,ARM,SYC,ALL,78264,0.00017%
2006,ARM,TGO,ALL,1155.57,0.0000024%
2006,ARM,TUN,ALL,68691,0.00015%
2006,ARM,TZA,ALL,48008.64,0.00010%
2006,ARM,UGA,ALL,3765.06,0.0000080%
2006,ARM,ZAF,ALL,3561542.65,0.0075%
2006,ARM,ARE,ALL,18574751.02,0.039%
2006,ARM,BGD,ALL,78613,0.00017%
2006,ARM,CHN,ALL,113820886.34,0.24%
2006,ARM,CYP,ALL,911723.34,0.0019%
2006,ARM,GEO,ALL,78953643.74,0.17%
2006,ARM,HKG,ALL,1895654.57,0.0040%
2006,ARM,IDN,ALL,14107690.74,0.030%
2006,ARM,IND,ALL,23352877.21,0.049%
2006,ARM,IRN,ALL,141365816.69,0.30%
2006,ARM,ISR,ALL,87607786.54,0.19%
2006,ARM,JOR,ALL,79668.88,0.00017%
2006,ARM,JPN,ALL,18334658.89,0.039%
2006,ARM,KAZ,ALL,15137952.67,0.032%
2006,ARM,KGZ,ALL,16509.55,0.000035%
2006,ARM,KHM,ALL,64187,0.00014%
2006,ARM,KOR,ALL,21631817.65,0.046%
2006,ARM,KWT,ALL,50130.87,0.00011%
2006,ARM,LBN,ALL,6473358.39,0.014%
2006,ARM,LKA,ALL,716390.59,0.0015%
2006,ARM,MNG,ALL,2500,0.0000053%
2006,ARM,MYS,ALL,8847310.16,0.019%
2006,ARM,NPL,ALL,16214.96,0.000034%
2006,ARM,OMN,ALL,96796.11,0.00020%
2006,ARM,PAK,ALL,3473963.35,0.0074%
2006,ARM,PHL,ALL,422992.42,0.00090%
2006,ARM,QAT,ALL,58279.06,0.00012%
2006,ARM,SAU,ALL,933513.21,0.0020%
2006,ARM,SGP,ALL,1968723.39,0.0042%
2006,ARM,SYR,ALL,5171763.21,0.011%
2006,ARM,THA,ALL,6076968.11,0.013%
2006,ARM,TKM,ALL,153423235.95,0.32%
2006,ARM,TUR,ALL,92380195.03,0.20%
2006,ARM,UZB,ALL,1814070.62,0.0038%
2006,ARM,VNM,ALL,4618041.09,0.0098%
2006,ARM,XXB,ALL,4040691.55,0.0086%
2006,ARM,AUT,ALL,58420166.96,0.12%
2006,ARM,BGR,ALL,35632843.09,0.075%
2006,ARM,BIH,ALL,1471,0.0000031%
2006,ARM,BLR,ALL,20156453.95,0.043%
2006,ARM,BLX,ALL,114505972.74,0.24%
2006,ARM,CHE,ALL,22174143.92,0.047%
2006,ARM,CZE,ALL,11299558.16,0.024%
2006,ARM,DEU,ALL,105586258.82,0.22%
2006,ARM,DNK,ALL,3289899.11,0.0070%
2006,ARM,ESP,ALL,13535444.29,0.029%
2006,ARM,EST,ALL,2393896.58,0.0051%
2006,ARM,FIN,ALL,5984543.69,0.013%
2006,ARM,FRA,ALL,72625792.78,0.15%
2006,ARM,GBR,ALL,25448418.11,0.054%
2006,ARM,GIB,ALL,55399,0.00012%
2006,ARM,GRC,ALL,52524882.06,0.11%
2006,ARM,HRV,ALL,328434.06,0.00070%
2006,ARM,HUN,ALL,8139741.13,0.017%
2006,ARM,IRL,ALL,2376849.95,0.0050%
2006,ARM,ISL,ALL,442150.19,0.00094%
2006,ARM,ITA,ALL,105902815.08,0.22%
2006,ARM,LTU,ALL,1441725,0.0031%
2006,ARM,LVA,ALL,1460856.85,0.0031%
2006,ARM,MDA,ALL,2758238.31,0.0058%
2006,ARM,MKD,ALL,175045.88,0.00037%
2006,ARM,NLD,ALL,15881496.51,0.034%
2006,ARM,NOR,ALL,566884.81,0.0012%
2006,ARM,POL,ALL,11283369.23,0.024%
2006,ARM,PRT,ALL,696373.38,0.0015%
2006,ARM,ROU,ALL,74974566.17,0.16%
2006,ARM,RUS,ALL,322566588.05,0.68%
2006,ARM,SRB,ALL,783245.88,0.0017%
2006,ARM,SVK,ALL,5519464.86,0.012%
2006,ARM,SVN,ALL,4240151.32,0.0090%
2006,ARM,SWE,ALL,6213573.48,0.013%
2006,ARM,UKR,ALL,149707856.26,0.32%
2006,ARM,AIA,ALL,7723.45,0.000016%
2006,ARM,BHS,ALL,6014.14,0.000013%
2006,ARM,BLZ,ALL,11868.21,0.000025%
2006,ARM,CAN,ALL,11305395.18,0.024%
2006,ARM,CRI,ALL,764881.5,0.0016%
2006,ARM,CUB,ALL,230405.46,0.00049%
2006,ARM,DMA,ALL,75074,0.00016%
2006,ARM,DOM,ALL,27878.87,0.000059%
2006,ARM,GTM,ALL,28965.13,0.000061%
2006,ARM,HND,ALL,12796.51,0.000027%
2006,ARM,MEX,ALL,807734.56,0.0017%
2006,ARM,NIC,ALL,5083.54,0.000011%
2006,ARM,PAN,ALL,92804,0.00020%
2006,ARM,SLV,ALL,72326.24,0.00015%
2006,ARM,TTO,ALL,79794,0.00017%
2006,ARM,USA,ALL,106167963.44,0.22%
2006,ARM,VGB,ALL,17389.18,0.000037%
2006,ARM,AUS,ALL,1971167.79,0.0042%
2006,ARM,NZL,ALL,1767144.16,0.0037%
2006,ARM,PNG,ALL,5503.6,0.000012%
2006,ARM,ARG,ALL,3966835.72,0.0084%
2006,ARM,BRA,ALL,17247849.58,0.037%
2006,ARM,CHL,ALL,525179.96,0.0011%
2006,ARM,COL,ALL,135773.4,0.00029%
2006,ARM,ECU,ALL,3349857.61,0.0071%
2006,ARM,PER,ALL,30202.14,0.000064%
2006,ARM,URY,ALL,101932,0.00022%
2006,ARM,XXA,ALL,497265.12,0.0011%
2007,ARM,BDI,ALL,5675.9,0.000012%
2007,ARM,CIV,ALL,2913949.28,0.0062%
2007,ARM,CMR,ALL,223275.8,0.00047%
2007,ARM,COG,ALL,15170.9,0.000032%
2007,ARM,DZA,ALL,204020.1,0.00043%
2007,ARM,EGY,ALL,4675679.57,0.0099%
2007,ARM,ERI,ALL,3420,0.0000072%
2007,ARM,ETH,ALL,338951.41,0.00072%
2007,ARM,GHA,ALL,2328552.12,0.0049%
2007,ARM,KEN,ALL,37230.31,0.000079%
2007,ARM,MAR,ALL,61273.27,0.00013%
2007,ARM,MDG,ALL,49431.4,0.00010%
2007,ARM,MRT,ALL,24154.27,0.000051%
2007,ARM,MUS,ALL,2764.01,0.0000059%
2007,ARM,MWI,ALL,212121.98,0.00045%
2007,ARM,NGA,ALL,63570,0.00013%
2007,ARM,RWA,ALL,1255,0.0000027%
2007,ARM,SEN,ALL,31683,0.000067%
2007,ARM,SOM,ALL,21380.38,0.000045%
2007,ARM,TGO,ALL,1757.54,0.0000037%
2007,ARM,TUN,ALL,132629,0.00028%
2007,ARM,TZA,ALL,119996.66,0.00025%
2007,ARM,UGA,ALL,35235.66,0.000075%
2007,ARM,ZAF,ALL,5830647.51,0.012%
2007,ARM,ARE,ALL,89795258.53,0.19%
2007,ARM,BGD,ALL,98225,0.00021%
2007,ARM,BHR,ALL,457472.86,0.00097%
2007,ARM,CHN,ALL,188018480.69,0.40%
2007,ARM,CYP,ALL,4595783.02,0.0097%
2007,ARM,GEO,ALL,103460881.37,0.22%
2007,ARM,HKG,ALL,2855768.75,0.0060%
2007,ARM,IDN,ALL,16430334.54,0.035%
2007,ARM,IND,ALL,22569171.36,0.048%
2007,ARM,IRN,ALL,125369891.21,0.27%
2007,ARM,IRQ,ALL,1629.38,0.0000034%
2007,ARM,ISR,ALL,34267211.06,0.073%
2007,ARM,JOR,ALL,95892.66,0.00020%
2007,ARM,JPN,ALL,47367636.2,0.10%
2007,ARM,KAZ,ALL,214444150.65,0.45%
2007,ARM,KGZ,ALL,2859,0.0000061%
2007,ARM,KHM,ALL,109046,0.00023%
2007,ARM,KOR,ALL,56669676.54,0.12%
2007,ARM,KWT,ALL,321201.19,0.00068%
2007,ARM,LBN,ALL,11299623.89,0.024%
2007,ARM,LKA,ALL,4542361.22,0.0096%
2007,ARM,MAC,ALL,1051,0.0000022%
2007,ARM,MNG,ALL,16969,0.000036%
2007,ARM,MYS,ALL,9143129.81,0.019%
2007,ARM,NPL,ALL,12615.13,0.000027%
2007,ARM,OMN,ALL,79656.39,0.00017%
2007,ARM,PAK,ALL,5345060.23,0.011%
2007,ARM,PHL,ALL,1012848.23,0.0021%
2007,ARM,PRK,ALL,48930,0.00010%
2007,ARM,QAT,ALL,66054.82,0.00014%
2007,ARM,SAU,ALL,1830513.91,0.0039%
2007,ARM,SGP,ALL,4378661.35,0.0093%
2007,ARM,SYR,ALL,2058046.38,0.0044%
2007,ARM,THA,ALL,11418277.62,0.024%
2007,ARM,TJK,ALL,236020,0.00050%
2007,ARM,TKM,ALL,9101811.81,0.019%
2007,ARM,TUR,ALL,128568192.93,0.27%
2007,ARM,UZB,ALL,10417597.7,0.022%
2007,ARM,VNM,ALL,10717466.24,0.023%
2007,ARM,XXB,ALL,4028753.54,0.0085%
2007,ARM,YEM,ALL,3439712,0.0073%
2007,ARM,AND,ALL,33109,0.000070%
2007,ARM,AUT,ALL,125840667.7,0.27%
2007,ARM,BGR,ALL,69091662.42,0.15%
2007,ARM,BIH,ALL,11881,0.000025%
2007,ARM,BLR,ALL,21121369.39,0.045%
2007,ARM,BLX,ALL,135664476.13,0.29%
2007,ARM,CHE,ALL,23149700.56,0.049%
2007,ARM,CZE,ALL,18818728.81,0.040%
2007,ARM,DEU,ALL,129603541.75,0.27%
2007,ARM,DNK,ALL,5024650.4,0.011%
2007,ARM,ESP,ALL,25344386.53,0.054%
2007,ARM,EST,ALL,1937875.17,0.0041%
2007,ARM,FIN,ALL,10913167.8,0.023%
2007,ARM,FRA,ALL,148348908.05,0.31%
2007,ARM,GBR,ALL,37374005.01,0.079%
2007,ARM,GIB,ALL,242349,0.00051%
2007,ARM,GRC,ALL,41503431.17,0.088%
2007,ARM,HRV,ALL,948237.93,0.0020%
2007,ARM,HUN,ALL,22894086.23,0.048%
2007,ARM,IRL,ALL,4393549.24,0.0093%
2007,ARM,ISL,ALL,8085,0.000017%
2007,ARM,ITA,ALL,126656682.8,0.27%
2007,ARM,LTU,ALL,1804358.1,0.0038%
2007,ARM,LVA,ALL,2410473.96,0.0051%
2007,ARM,MDA,ALL,1885220.03,0.0040%
2007,ARM,MKD,ALL,202329.93,0.00043%
2007,ARM,NLD,ALL,28068533.03,0.059%
2007,ARM,NOR,ALL,1155265.99,0.0024%
2007,ARM,POL,ALL,17619074.98,0.037%
2007,ARM,PRT,ALL,2248890.21,0.0048%
2007,ARM,ROU,ALL,58160676.29,0.12%
2007,ARM,RUS,ALL,531487098.35,1.1%
2007,ARM,SRB,ALL,741211.9,0.0016%
2007,ARM,SVK,ALL,9534528.44,0.020%
2007,ARM,SVN,ALL,6988346.66,0.015%
2007,ARM,SWE,ALL,28279743.75,0.060%
2007,ARM,UKR,ALL,230715920.76,0.49%
2007,ARM,BHS,ALL,23157.49,0.000049%
2007,ARM,BLZ,ALL,256000,0.00054%
2007,ARM,BRB,ALL,4562066.57,0.0097%
2007,ARM,CAN,ALL,11639795.32,0.025%
2007,ARM,CRI,ALL,563178.27,0.0012%
2007,ARM,CUB,ALL,66369.5,0.00014%
2007,ARM,DMA,ALL,51189,0.00011%
2007,ARM,DOM,ALL,27296.49,0.000058%
2007,ARM,GTM,ALL,55356.98,0.00012%
2007,ARM,HND,ALL,35968.49,0.000076%
2007,ARM,HTI,ALL,2219.26,0.0000047%
2007,ARM,JAM,ALL,1141.1,0.0000024%
2007,ARM,MEX,ALL,1204029.3,0.0025%
2007,ARM,NIC,ALL,65621.19,0.00014%
2007,ARM,PAN,ALL,1593344.27,0.0034%
2007,ARM,SLV,ALL,165879.67,0.00035%
2007,ARM,USA,ALL,135748734.89,0.29%
2007,ARM,VGB,ALL,733374.05,0.0016%
2007,ARM,AUS,ALL,7686509.6,0.016%
2007,ARM,FJI,ALL,88502,0.00019%
2007,ARM,NZL,ALL,2982818.19,0.0063%
2007,ARM,PNG,ALL,2929.25,0.0000062%
2007,ARM,ARG,ALL,7058267.1,0.015%
2007,ARM,BRA,ALL,26001475.21,0.055%
2007,ARM,CHL,ALL,953649.17,0.0020%
2007,ARM,COL,ALL,1117588.71,0.0024%
2007,ARM,ECU,ALL,9203341.36,0.019%
2007,ARM,FLK,ALL,4760,0.000010%
2007,ARM,PER,ALL,118272.41,0.00025%
2007,ARM,PRY,ALL,245294.86,0.00052%
2007,ARM,SUR,ALL,6999.64,0.000015%
2007,ARM,XXA,ALL,1612036,0.0034%
2008,ARM,AGO,ALL,8700,0.000018%
2008,ARM,CIV,ALL,2377892.26,0.0050%
2008,ARM,CMR,ALL,164342.7,0.00035%
2008,ARM,COD,ALL,37378.29,0.000079%
2008,ARM,COM,ALL,2932,0.0000062%
2008,ARM,EGY,ALL,9081469.28,0.019%
2008,ARM,ETH,ALL,588207.25,0.0012%
2008,ARM,GAB,ALL,1804,0.0000038%
2008,ARM,GHA,ALL,3057708.3,0.0065%
2008,ARM,GNB,ALL,2332.91,0.0000049%
2008,ARM,KEN,ALL,134080.75,0.00028%
2008,ARM,LBY,ALL,10500,0.000022%
2008,ARM,MAR,ALL,224787.89,0.00048%
2008,ARM,MDG,ALL,26096,0.000055%
2008,ARM,MRT,ALL,184639.83,0.00039%
2008,ARM,MWI,ALL,714512,0.0015%
2008,ARM,NER,ALL,2860,0.0000061%
2008,ARM,NGA,ALL,2543.94,0.0000054%
2008,ARM,RWA,ALL,136749,0.00029%
2008,ARM,SDN,ALL,3750,0.0000079%
2008,ARM,SEN,ALL,6347.43,0.000013%
2008,ARM,SYC,ALL,124731,0.00026%
2008,ARM,TUN,ALL,223014,0.00047%
2008,ARM,TZA,ALL,61503.09,0.00013%
2008,ARM,UGA,ALL,345386.14,0.00073%
2008,ARM,ZAF,ALL,8504334.23,0.018%
2008,ARM,ZMB,ALL,255473,0.00054%
2008,ARM,ARE,ALL,69413639.29,0.15%
2008,ARM,BGD,ALL,270842,0.00057%
2008,ARM,BHR,ALL,659842.35,0.0014%
2008,ARM,CHN,ALL,363627670.22,0.77%
2008,ARM,CYP,ALL,1749951.58,0.0037%
2008,ARM,GEO,ALL,120629687.07,0.26%
2008,ARM,HKG,ALL,10123222.73,0.021%
2008,ARM,IDN,ALL,34523862.64,0.073%
2008,ARM,IND,ALL,48929645.53,0.10%
2008,ARM,IRN,ALL,190993220.05,0.40%
2008,ARM,IRQ,ALL,43473.74,0.000092%
2008,ARM,ISR,ALL,27633616.63,0.058%
2008,ARM,JOR,ALL,248238.98,0.00053%
2008,ARM,JPN,ALL,77716709.22,0.16%
2008,ARM,KAZ,ALL,17139793.71,0.036%
2008,ARM,KGZ,ALL,45609.77,0.000097%
2008,ARM,KHM,ALL,169168,0.00036%
2008,ARM,KOR,ALL,80113607.41,0.17%
2008,ARM,KWT,ALL,618424.55,0.0013%
2008,ARM,LAO,ALL,8995.38,0.000019%
2008,ARM,LBN,ALL,8879214.17,0.019%
2008,ARM,LKA,ALL,9972078.25,0.021%
2008,ARM,MMR,ALL,1522,0.0000032%
2008,ARM,MNG,ALL,48099,0.00010%
2008,ARM,MYS,ALL,14000899.71,0.030%
2008,ARM,NPL,ALL,1017,0.0000022%
2008,ARM,OMN,ALL,774287.42,0.0016%
2008,ARM,PAK,ALL,3684044.89,0.0078%
2008,ARM,PHL,ALL,1875557.4,0.0040%
2008,ARM,PRK,ALL,46222,0.000098%
2008,ARM,QAT,ALL,419347.15,0.00089%
2008,ARM,SAU,ALL,2387495.26,0.0051%
2008,ARM,SGP,ALL,4429907.1,0.0094%
2008,ARM,SYR,ALL,6084145.63,0.013%
2008,ARM,THA,ALL,21357788.75,0.045%
2008,ARM,TJK,ALL,27201,0.000058%
2008,ARM,TKM,ALL,34855569.7,0.074%
2008,ARM,TUR,ALL,263027759.64,0.56%
2008,ARM,UZB,ALL,10528264.15,0.022%
2008,ARM,VNM,ALL,11153449.31,0.024%
2008,ARM,XXB,ALL,9064100.68,0.019%
2008,ARM,YEM,ALL,77363,0.00016%
2008,ARM,ALB,ALL,278788.6,0.00059%
2008,ARM,AND,ALL,38075,0.000081%
2008,ARM,AUT,ALL,287036549.38,0.61%
2008,ARM,BGR,ALL,94536145.53,0.20%
2008,ARM,BIH,ALL,11293,0.000024%
2008,ARM,BLR,ALL,29169333.83,0.062%
2008,ARM,BLX,ALL,68383585.28,0.14%
2008,ARM,CHE,ALL,34815010.7,0.074%
2008,ARM,CZE,ALL,32434388.95,0.069%
2008,ARM,DEU,ALL,158490158.26,0.34%
2008,ARM,DNK,ALL,8595023.64,0.018%
2008,ARM,ESP,ALL,37754600.01,0.080%
2008,ARM,EST,ALL,1483734.21,0.0031%
2008,ARM,FIN,ALL,15622316.42,0.033%
2008,ARM,FRA,ALL,170123562.88,0.36%
2008,ARM,GBR,ALL,34953817.16,0.074%
2008,ARM,GRC,ALL,38156159.35,0.081%
2008,ARM,HRV,ALL,1736542.13,0.0037%
2008,ARM,HUN,ALL,31007553.95,0.066%
2008,ARM,IRL,ALL,5587423.45,0.012%
2008,ARM,ISL,ALL,134853.6,0.00029%
2008,ARM,ITA,ALL,169054667.26,0.36%
2008,ARM,LTU,ALL,1783731.72,0.0038%
2008,ARM,LVA,ALL,11100970.23,0.023%
2008,ARM,MDA,ALL,3688255.77,0.0078%
2008,ARM,MKD,ALL,469038.88,0.00099%
2008,ARM,MLT,ALL,64500,0.00014%
2008,ARM,NLD,ALL,31069964.27,0.066%
2008,ARM,NOR,ALL,1327085.79,0.0028%
2008,ARM,POL,ALL,33470286.25,0.071%
2008,ARM,PRT,ALL,3710499.88,0.0079%
2008,ARM,ROU,ALL,81725605.97,0.17%
2008,ARM,RUS,ALL,775483198.42,1.6%
2008,ARM,SMR,ALL,15107,0.000032%
2008,ARM,SRB,ALL,1085769.01,0.0023%
2008,ARM,SVK,ALL,11916970.12,0.025%
2008,ARM,SVN,ALL,10679291.82,0.023%
2008,ARM,SWE,ALL,40061967.47,0.085%
2008,ARM,UKR,ALL,282204029.68,0.60%
2008,ARM,AIA,ALL,32314.17,0.000068%
2008,ARM,BHS,ALL,45917.63,0.000097%
2008,ARM,BLZ,ALL,220600,0.00047%
2008,ARM,BRB,ALL,3140189.73,0.0066%
2008,ARM,CAN,ALL,28798696.66,0.061%
2008,ARM,CRI,ALL,423737.73,0.00090%
2008,ARM,CUB,ALL,148362.72,0.00031%
2008,ARM,DMA,ALL,73812,0.00016%
2008,ARM,DOM,ALL,90274.27,0.00019%
2008,ARM,GRD,ALL,2310,0.0000049%
2008,ARM,GTM,ALL,29924.42,0.000063%
2008,ARM,HND,ALL,158441.83,0.00034%
2008,ARM,JAM,ALL,3347.53,0.0000071%
2008,ARM,MEX,ALL,2772643.77,0.0059%
2008,ARM,NIC,ALL,54824.29,0.00012%
2008,ARM,PAN,ALL,226510,0.00048%
2008,ARM,SLV,ALL,155069.93,0.00033%
2008,ARM,TTO,ALL,15000,0.000032%
2008,ARM,USA,ALL,173552477.07,0.37%
2008,ARM,VGB,ALL,73081,0.00015%
2008,ARM,AUS,ALL,6163610.11,0.013%
2008,ARM,NZL,ALL,7977602.09,0.017%
2008,ARM,PNG,ALL,161183.98,0.00034%
2008,ARM,ARG,ALL,3707380.54,0.0078%
2008,ARM,BRA,ALL,46617414.61,0.099%
2008,ARM,CHL,ALL,885675.78,0.0019%
2008,ARM,COL,ALL,1331398.29,0.0028%
2008,ARM,ECU,ALL,9612065.9,0.020%
2008,ARM,FLK,ALL,2479.4,0.0000052%
2008,ARM,GUY,ALL,252299.28,0.00053%
2008,ARM,PER,ALL,49812.8,0.00011%
2008,ARM,PRY,ALL,141477,0.00030%
2008,ARM,URY,ALL,38557.95,0.000082%
2008,ARM,XXA,ALL,662953.61,0.0014%
2009,ARM,CIV,ALL,1670048.83,0.0035%
2009,ARM,CMR,ALL,55574.93,0.00012%
2009,ARM,COD,ALL,7825,0.000017%
2009,ARM,EGY,ALL,7579147.13,0.016%
2009,ARM,ETH,ALL,518134.63,0.0011%
2009,ARM,GHA,ALL,1775680.44,0.0038%
2009,ARM,KEN,ALL,1567700.86,0.0033%
2009,ARM,MAR,ALL,143066,0.00030%
2009,ARM,MDG,ALL,4009,0.0000085%
2009,ARM,MRT,ALL,298551.87,0.00063%
2009,ARM,MUS,ALL,20531,0.000043%
2009,ARM,MWI,ALL,372673.47,0.00079%
2009,ARM,NER,ALL,2083.7,0.0000044%
2009,ARM,NGA,ALL,218638,0.00046%
2009,ARM,SDN,ALL,8759,0.000019%
2009,ARM,SLE,ALL,3261.97,0.0000069%
2009,ARM,TUN,ALL,247107,0.00052%
2009,ARM,TZA,ALL,22117.95,0.000047%
2009,ARM,UGA,ALL,96593.85,0.00020%
2009,ARM,ZAF,ALL,3387553.09,0.0072%
2009,ARM,ZMB,ALL,6483,0.000014%
2009,ARM,ZWE,ALL,7255.44,0.000015%
2009,ARM,AFG,ALL,2713.45,0.0000057%
2009,ARM,ARE,ALL,30046329.11,0.064%
2009,ARM,BGD,ALL,685258.19,0.0015%
2009,ARM,BHR,ALL,121462.4,0.00026%
2009,ARM,CHN,ALL,283000381.54,0.60%
2009,ARM,CYP,ALL,1777493.48,0.0038%
2009,ARM,GEO,ALL,79497849.12,0.17%
2009,ARM,HKG,ALL,3993078.07,0.0085%
2009,ARM,IDN,ALL,23897985.2,0.051%
2009,ARM,IND,ALL,43807634.62,0.093%
2009,ARM,IRN,ALL,126442153.64,0.27%
2009,ARM,ISR,ALL,9815585.43,0.021%
2009,ARM,JOR,ALL,165680.57,0.00035%
2009,ARM,JPN,ALL,52621538.44,0.11%
2009,ARM,KAZ,ALL,3245746.85,0.0069%
2009,ARM,KGZ,ALL,378628.64,0.00080%
2009,ARM,KHM,ALL,153225,0.00032%
2009,ARM,KOR,ALL,101574129.47,0.22%
2009,ARM,KWT,ALL,77682.25,0.00016%
2009,ARM,LAO,ALL,1393,0.0000029%
2009,ARM,LBN,ALL,5486972.86,0.012%
2009,ARM,LKA,ALL,4601521.64,0.0097%
2009,ARM,MMR,ALL,10202.11,0.000022%
2009,ARM,MYS,ALL,10485854.11,0.022%
2009,ARM,NPL,ALL,8737.42,0.000018%
2009,ARM,OMN,ALL,23108.28,0.000049%
2009,ARM,PAK,ALL,2643321.48,0.0056%
2009,ARM,PHL,ALL,1738990,0.0037%
2009,ARM,PRK,ALL,66476.82,0.00014%
2009,ARM,QAT,ALL,897154.16,0.0019%
2009,ARM,SAU,ALL,2935761.66,0.0062%
2009,ARM,SGP,ALL,3803931.02,0.0081%
2009,ARM,SYR,ALL,3142788.99,0.0067%
2009,ARM,THA,ALL,14135011.49,0.030%
2009,ARM,TKM,ALL,13547171.74,0.029%
2009,ARM,TUR,ALL,174933399.73,0.37%
2009,ARM,UZB,ALL,3190684.22,0.0068%
2009,ARM,VNM,ALL,8773195.43,0.019%
2009,ARM,XXB,ALL,8131974.08,0.017%
2009,ARM,ALB,ALL,301756.7,0.00064%
2009,ARM,AND,ALL,39772,0.000084%
2009,ARM,AUT,ALL,104405043.25,0.22%
2009,ARM,BGR,ALL,70671246.09,0.15%
2009,ARM,BIH,ALL,15802,0.000033%
2009,ARM,BLR,ALL,23682256.58,0.050%
2009,ARM,BLX,ALL,68733656.86,0.15%
2009,ARM,CHE,ALL,107424886.37,0.23%
2009,ARM,CZE,ALL,21100443.16,0.045%
2009,ARM,DEU,ALL,199551247.27,0.42%
2009,ARM,DNK,ALL,8544775.53,0.018%
2009,ARM,ESP,ALL,20185598.61,0.043%
2009,ARM,EST,ALL,3197041.69,0.0068%
2009,ARM,FIN,ALL,31292878.88,0.066%
2009,ARM,FRA,ALL,73878190.68,0.16%
2009,ARM,GBR,ALL,27005153.24,0.057%
2009,ARM,GRC,ALL,29991908.73,0.063%
2009,ARM,HRV,ALL,1306216.96,0.0028%
2009,ARM,HUN,ALL,16069221.51,0.034%
2009,ARM,IRL,ALL,3055298.34,0.0065%
2009,ARM,ISL,ALL,9417.11,0.000020%
2009,ARM,ITA,ALL,120375485.45,0.25%
2009,ARM,LTU,ALL,2129145.15,0.0045%
2009,ARM,LVA,ALL,2326887.47,0.0049%
2009,ARM,MDA,ALL,2036056.04,0.0043%
2009,ARM,MKD,ALL,305194.03,0.00065%
2009,ARM,MLT,ALL,60004,0.00013%
2009,ARM,MNE,ALL,1733011,0.0037%
2009,ARM,NLD,ALL,47938696.09,0.10%
2009,ARM,NOR,ALL,1070525.73,0.0023%
2009,ARM,POL,ALL,34292459.46,0.073%
2009,ARM,PRT,ALL,2002118.47,0.0042%
2009,ARM,ROU,ALL,59810434.48,0.13%
2009,ARM,RUS,ALL,691516460.37,1.5%
2009,ARM,SMR,ALL,5930,0.000013%
2009,ARM,SRB,ALL,882957.25,0.0019%
2009,ARM,SVK,ALL,6357470.43,0.013%
2009,ARM,SVN,ALL,11335863.09,0.024%
2009,ARM,SWE,ALL,25354617.21,0.054%
2009,ARM,UKR,ALL,183263264.66,0.39%
2009,ARM,BHS,ALL,63699.67,0.00013%
2009,ARM,BLZ,ALL,30200,0.000064%
2009,ARM,CAN,ALL,17974600.41,0.038%
2009,ARM,CRI,ALL,479305.86,0.0010%
2009,ARM,CUB,ALL,51656.01,0.00011%
2009,ARM,DMA,ALL,8031,0.000017%
2009,ARM,DOM,ALL,67374,0.00014%
2009,ARM,GTM,ALL,293200.15,0.00062%
2009,ARM,HND,ALL,115149.09,0.00024%
2009,ARM,MEX,ALL,2664962.59,0.0056%
2009,ARM,MSR,ALL,6255,0.000013%
2009,ARM,NIC,ALL,73243.75,0.00016%
2009,ARM,PAN,ALL,74350.85,0.00016%
2009,ARM,SLV,ALL,113014.25,0.00024%
2009,ARM,TTO,ALL,4314.77,0.0000091%
2009,ARM,USA,ALL,109743833.9,0.23%
2009,ARM,VGB,ALL,63051,0.00013%
2009,ARM,AUS,ALL,3378758.04,0.0072%
2009,ARM,FJI,ALL,25892,0.000055%
2009,ARM,NZL,ALL,9173808.76,0.019%
2009,ARM,PNG,ALL,12081.38,0.000026%
2009,ARM,ARG,ALL,4088648.54,0.0087%
2009,ARM,BOL,ALL,7496.96,0.000016%
2009,ARM,BRA,ALL,49025616.58,0.10%
2009,ARM,CHL,ALL,446477.52,0.00095%
2009,ARM,COL,ALL,2046204.55,0.0043%
2009,ARM,ECU,ALL,9822859.32,0.021%
2009,ARM,PER,ALL,26395.76,0.000056%
2009,ARM,PRY,ALL,125603.21,0.00027%
2009,ARM,URY,ALL,134589.23,0.00028%
2009,ARM,XXA,ALL,733925.98,0.0016%
2010,ARM,BEN,ALL,3493,0.0000074%
2010,ARM,CAF,ALL,5064.15,0.000011%
2010,ARM,CIV,ALL,1366896.3,0.0029%
2010,ARM,CMR,ALL,156184.23,0.00033%
2010,ARM,EGY,ALL,10487041.62,0.022%
2010,ARM,ETH,ALL,368802.76,0.00078%
2010,ARM,GAB,ALL,26850.25,0.000057%
2010,ARM,GHA,ALL,919150.71,0.0019%
2010,ARM,GMB,ALL,4073,0.0000086%
2010,ARM,KEN,ALL,3807616.19,0.0081%
2010,ARM,MAR,ALL,692184.2,0.0015%
2010,ARM,MDG,ALL,34325.99,0.000073%
2010,ARM,MLI,ALL,2282,0.0000048%
2010,ARM,MRT,ALL,168246.95,0.00036%
2010,ARM,MUS,ALL,30442,0.000064%
2010,ARM,MWI,ALL,851835.05,0.0018%
2010,ARM,NGA,ALL,195191.28,0.00041%
2010,ARM,SDN,ALL,1094,0.0000023%
2010,ARM,SLE,ALL,2897.68,0.0000061%
2010,ARM,TUN,ALL,359964.77,0.00076%
2010,ARM,TZA,ALL,50849.64,0.00011%
2010,ARM,UGA,ALL,1923891.36,0.0041%
2010,ARM,ZAF,ALL,5199670.66,0.011%
2010,ARM,ZMB,ALL,6296,0.000013%
2010,ARM,ZWE,ALL,1267.77,0.0000027%
2010,ARM,AFG,ALL,10532.16,0.000022%
2010,ARM,ARE,ALL,35999789.62,0.076%
2010,ARM,BGD,ALL,578320,0.0012%
2010,ARM,BHR,ALL,241834.44,0.00051%
2010,ARM,CHN,ALL,388694465.73,0.82%
2010,ARM,CYP,ALL,1659696.06,0.0035%
2010,ARM,GEO,ALL,148162870.46,0.31%
2010,ARM,HKG,ALL,4327092.94,0.0092%
2010,ARM,IDN,ALL,26654754.03,0.056%
2010,ARM,IND,ALL,45334427.29,0.096%
2010,ARM,IRN,ALL,227888501.22,0.48%
2010,ARM,IRQ,ALL,81425.31,0.00017%
2010,ARM,ISR,ALL,12382325.52,0.026%
2010,ARM,JOR,ALL,107084.54,0.00023%
2010,ARM,JPN,ALL,52792086.08,0.11%
2010,ARM,KAZ,ALL,13185392.49,0.028%
2010,ARM,KGZ,ALL,2263546.1,0.0048%
2010,ARM,KHM,ALL,122454,0.00026%
2010,ARM,KOR,ALL,67604390.45,0.14%
2010,ARM,KWT,ALL,114001.23,0.00024%
2010,ARM,LAO,ALL,3738,0.0000079%
2010,ARM,LBN,ALL,5209676.24,0.011%
2010,ARM,LKA,ALL,1636517.89,0.0035%
2010,ARM,MMR,ALL,89440.86,0.00019%
2010,ARM,MNG,ALL,4250,0.0000090%
2010,ARM,MYS,ALL,13910770.76,0.029%
2010,ARM,NPL,ALL,35360.15,0.000075%
2010,ARM,OMN,ALL,318853.97,0.00067%
2010,ARM,PAK,ALL,3995466.31,0.0085%
2010,ARM,PHL,ALL,2643377.94,0.0056%
2010,ARM,PRK,ALL,1978,0.0000042%
2010,ARM,QAT,ALL,1064671.49,0.0023%
2010,ARM,SAU,ALL,5057895.97,0.011%
2010,ARM,SGP,ALL,4820205.92,0.010%
2010,ARM,SYR,ALL,4739037.53,0.010%
2010,ARM,THA,ALL,31100270.61,0.066%
2010,ARM,TJK,ALL,199605.03,0.00042%
2010,ARM,TKM,ALL,24553782.17,0.052%
2010,ARM,TUR,ALL,208562543.52,0.44%
2010,ARM,UZB,ALL,5662541.31,0.012%
2010,ARM,VNM,ALL,10576920.98,0.022%
2010,ARM,XXB,ALL,8583145.19,0.018%
2010,ARM,ALB,ALL,218679,0.00046%
2010,ARM,AND,ALL,36950,0.000078%
2010,ARM,AUT,ALL,65697306.27,0.14%
2010,ARM,BGR,ALL,94461750.85,0.20%
2010,ARM,BIH,ALL,57376,0.00012%
2010,ARM,BLR,ALL,32289277.83,0.068%
2010,ARM,BLX,ALL,40470417.19,0.086%
2010,ARM,CHE,ALL,71955868.83,0.15%
2010,ARM,CZE,ALL,25438247.47,0.054%
2010,ARM,DEU,ALL,163975533.35,0.35%
2010,ARM,DNK,ALL,9001450.06,0.019%
2010,ARM,ESP,ALL,24771340.23,0.052%
2010,ARM,EST,ALL,1378001.29,0.0029%
2010,ARM,FIN,ALL,12305686.06,0.026%
2010,ARM,FRA,ALL,77034459.65,0.16%
2010,ARM,GBR,ALL,36642969.9,0.078%
2010,ARM,GRC,ALL,47438794.19,0.10%
2010,ARM,HRV,ALL,8992139.59,0.019%
2010,ARM,HUN,ALL,23189442.32,0.049%
2010,ARM,IRL,ALL,4245199.54,0.0090%
2010,ARM,ISL,ALL,498655.11,0.0011%
2010,ARM,ITA,ALL,129171000.63,0.27%
2010,ARM,LTU,ALL,3454182.04,0.0073%
2010,ARM,LVA,ALL,3409345.35,0.0072%
2010,ARM,MDA,ALL,1547280.25,0.0033%
2010,ARM,MKD,ALL,231624.33,0.00049%
2010,ARM,MLT,ALL,56604.5,0.00012%
2010,ARM,MNE,ALL,794576,0.0017%
2010,ARM,NLD,ALL,32983807.46,0.070%
2010,ARM,NOR,ALL,2309240.86,0.0049%
2010,ARM,POL,ALL,30315854.06,0.064%
2010,ARM,PRT,ALL,4058154.16,0.0086%
2010,ARM,ROU,ALL,74320849.87,0.16%
2010,ARM,RUS,ALL,734358428,1.6%
2010,ARM,SRB,ALL,1183133.21,0.0025%
2010,ARM,SVK,ALL,8666216.27,0.018%
2010,ARM,SVN,ALL,8086813.91,0.017%
2010,ARM,SWE,ALL,39793400.19,0.084%
2010,ARM,UKR,ALL,217314153.75,0.46%
2010,ARM,BHS,ALL,13411.79,0.000028%
2010,ARM,BRB,ALL,248411,0.00053%
2010,ARM,CAN,ALL,30141674.21,0.064%
2010,ARM,CRI,ALL,808586.07,0.0017%
2010,ARM,CUB,ALL,164875.89,0.00035%
2010,ARM,DOM,ALL,265564.49,0.00056%
2010,ARM,GRD,ALL,5200,0.000011%
2010,ARM,GTM,ALL,91047.46,0.00019%
2010,ARM,HND,ALL,155509,0.00033%
2010,ARM,HTI,ALL,53486,0.00011%
2010,ARM,MEX,ALL,4319306.58,0.0091%
2010,ARM,NIC,ALL,13688.35,0.000029%
2010,ARM,PAN,ALL,21479.81,0.000045%
2010,ARM,SLV,ALL,130680.46,0.00028%
2010,ARM,USA,ALL,137805795.47,0.29%
2010,ARM,VGB,ALL,53653.82,0.00011%
2010,ARM,AUS,ALL,11688526.94,0.025%
2010,ARM,NZL,ALL,12256578.39,0.026%
2010,ARM,PCN,ALL,5931.08,0.000013%
2010,ARM,ARG,ALL,4594877.99,0.0097%
2010,ARM,BRA,ALL,49144579.32,0.10%
2010,ARM,CHL,ALL,1097248.81,0.0023%
2010,ARM,COL,ALL,3299952.87,0.0070%
2010,ARM,ECU,ALL,10178074.49,0.022%
2010,ARM,PER,ALL,45781.13,0.000097%
2010,ARM,PRY,ALL,211127.57,0.00045%
2010,ARM,URY,ALL,108708.56,0.00023%
2010,ARM,XXA,ALL,968653.79,0.0021%
2011,ARM,BDI,ALL,11818.74,0.000025%
2011,ARM,BEN,ALL,27799,0.000059%
2011,ARM,CIV,ALL,3322193.41,0.0070%
2011,ARM,COD,ALL,4160,0.0000088%
2011,ARM,EGY,ALL,7564877.36,0.016%
2011,ARM,ETH,ALL,444417.67,0.00094%
2011,ARM,GAB,ALL,84770.83,0.00018%
2011,ARM,GHA,ALL,773188.92,0.0016%
2011,ARM,KEN,ALL,76378.54,0.00016%
2011,ARM,MAR,ALL,1038265.72,0.0022%
2011,ARM,MDG,ALL,25193,0.000053%
2011,ARM,MLI,ALL,4804.08,0.000010%
2011,ARM,MRT,ALL,55635.99,0.00012%
2011,ARM,MUS,ALL,60371.51,0.00013%
2011,ARM,MWI,ALL,963184.23,0.0020%
2011,ARM,NER,ALL,1240,0.0000026%
2011,ARM,NGA,ALL,674760.11,0.0014%
2011,ARM,STP,ALL,23637,0.000050%
2011,ARM,TUN,ALL,756849.53,0.0016%
2011,ARM,TZA,ALL,22851.99,0.000048%
2011,ARM,UGA,ALL,4812506.63,0.010%
2011,ARM,ZAF,ALL,6673698.8,0.014%
2011,ARM,ZMB,ALL,67842,0.00014%
2011,ARM,ZWE,ALL,632612.46,0.0013%
2011,ARM,ARE,ALL,48442607.07,0.10%
2011,ARM,BGD,ALL,1067874,0.0023%
2011,ARM,BHR,ALL,67603,0.00014%
2011,ARM,CHN,ALL,395929946.78,0.84%
2011,ARM,CYP,ALL,3449289.77,0.0073%
2011,ARM,GEO,ALL,203038163.86,0.43%
2011,ARM,HKG,ALL,4132421.76,0.0087%
2011,ARM,IDN,ALL,28678130.33,0.061%
2011,ARM,IND,ALL,67947656.92,0.14%
2011,ARM,IRN,ALL,224767428.12,0.48%
2011,ARM,IRQ,ALL,14166678.91,0.030%
2011,ARM,ISR,ALL,25576122.81,0.054%
2011,ARM,JOR,ALL,121849.72,0.00026%
2011,ARM,JPN,ALL,43718862.01,0.093%
2011,ARM,KAZ,ALL,21921603.04,0.046%
2011,ARM,KGZ,ALL,23988,0.000051%
2011,ARM,KHM,ALL,315730,0.00067%
2011,ARM,KOR,ALL,53908137.24,0.11%
2011,ARM,KWT,ALL,769583.06,0.0016%
2011,ARM,LAO,ALL,889510.95,0.0019%
2011,ARM,LBN,ALL,4307353.01,0.0091%
2011,ARM,LKA,ALL,2385667.71,0.0050%
2011,ARM,MMR,ALL,93272.8,0.00020%
2011,ARM,MYS,ALL,19686801.79,0.042%
2011,ARM,OMN,ALL,364041.49,0.00077%
2011,ARM,PAK,ALL,4717655.54,0.010%
2011,ARM,PHL,ALL,2144001.52,0.0045%
2011,ARM,PRK,ALL,9156,0.000019%
2011,ARM,QAT,ALL,1709841.42,0.0036%
2011,ARM,SAU,ALL,4932174.11,0.010%
2011,ARM,SGP,ALL,4631153.75,0.0098%
2011,ARM,SYR,ALL,5557924.82,0.012%
2011,ARM,THA,ALL,28919468.67,0.061%
2011,ARM,TJK,ALL,77678.82,0.00016%
2011,ARM,TKM,ALL,24181743.86,0.051%
2011,ARM,TUR,ALL,237500853.91,0.50%
2011,ARM,UZB,ALL,2858425.69,0.0061%
2011,ARM,VNM,ALL,9897068.12,0.021%
2011,ARM,XXB,ALL,10035907.84,0.021%
2011,ARM,YEM,ALL,2943083,0.0062%
2011,ARM,ALB,ALL,332768.15,0.00070%
2011,ARM,AND,ALL,26975,0.000057%
2011,ARM,AUT,ALL,73531631.78,0.16%
2011,ARM,BGR,ALL,86103293.46,0.18%
2011,ARM,BIH,ALL,168104,0.00036%
2011,ARM,BLR,ALL,28229543.89,0.060%
2011,ARM,BLX,ALL,74129665.25,0.16%
2011,ARM,CHE,ALL,78641773.35,0.17%
2011,ARM,CZE,ALL,86823656.55,0.18%
2011,ARM,DEU,ALL,176191485.66,0.37%
2011,ARM,DNK,ALL,8249371.55,0.017%
2011,ARM,ESP,ALL,47644248.67,0.10%
2011,ARM,EST,ALL,4119005.29,0.0087%
2011,ARM,FIN,ALL,13918948.72,0.029%
2011,ARM,FRA,ALL,85781460.19,0.18%
2011,ARM,GBR,ALL,46464545.32,0.098%
2011,ARM,GRC,ALL,56187099.29,0.12%
2011,ARM,HRV,ALL,1295247.51,0.0027%
2011,ARM,HUN,ALL,24791613.8,0.052%
2011,ARM,IRL,ALL,4969413.27,0.011%
2011,ARM,ISL,ALL,83457.51,0.00018%
2011,ARM,ITA,ALL,171872947.88,0.36%
2011,ARM,LTU,ALL,4788471.19,0.010%
2011,ARM,LVA,ALL,3682198.67,0.0078%
2011,ARM,MDA,ALL,2344167.56,0.0050%
2011,ARM,MKD,ALL,315197.82,0.00067%
2011,ARM,MLT,ALL,1751.54,0.0000037%
2011,ARM,MNE,ALL,64104,0.00014%
2011,ARM,NLD,ALL,52056381.25,0.11%
2011,ARM,NOR,ALL,1137869.97,0.0024%
2011,ARM,POL,ALL,35794458.32,0.076%
2011,ARM,PRT,ALL,5411748.27,0.011%
2011,ARM,ROU,ALL,88080627.15,0.19%
2011,ARM,RUS,ALL,819192574.81,1.7%
2011,ARM,SMR,ALL,1690,0.0000036%
2011,ARM,SRB,ALL,998835.46,0.0021%
2011,ARM,SVK,ALL,9850635.99,0.021%
2011,ARM,SVN,ALL,8958029.15,0.019%
2011,ARM,SWE,ALL,23457315.02,0.050%
2011,ARM,UKR,ALL,241632704.27,0.51%
2011,ARM,AIA,ALL,5080.17,0.000011%
2011,ARM,BHS,ALL,1010.91,0.0000021%
2011,ARM,BLZ,ALL,3776.17,0.0000080%
2011,ARM,CAN,ALL,29953740.36,0.063%
2011,ARM,CRI,ALL,961418.97,0.0020%
2011,ARM,CUB,ALL,65397.8,0.00014%
2011,ARM,DOM,ALL,280876.43,0.00059%
2011,ARM,GTM,ALL,26534.34,0.000056%
2011,ARM,HND,ALL,132176.84,0.00028%
2011,ARM,MEX,ALL,6401167.81,0.014%
2011,ARM,NIC,ALL,57416,0.00012%
2011,ARM,PAN,ALL,10536.47,0.000022%
2011,ARM,SLV,ALL,205139.39,0.00043%
2011,ARM,TTO,ALL,2954.55,0.0000063%
2011,ARM,USA,ALL,134468961.81,0.28%
2011,ARM,VGB,ALL,226433.02,0.00048%
2011,ARM,AUS,ALL,4098762,0.0087%
2011,ARM,NCL,ALL,1870.49,0.0000040%
2011,ARM,NRU,ALL,2661,0.0000056%
2011,ARM,NZL,ALL,12645163,0.027%
2011,ARM,ARG,ALL,6332445.96,0.013%
2011,ARM,BOL,ALL,10347.28,0.000022%
2011,ARM,BRA,ALL,79273481.04,0.17%
2011,ARM,CHL,ALL,643240.31,0.0014%
2011,ARM,COL,ALL,1087383.3,0.0023%
2011,ARM,ECU,ALL,14715529.26,0.031%
2011,ARM,FLK,ALL,26397.59,0.000056%
2011,ARM,PER,ALL,81560.57,0.00017%
2011,ARM,PRY,ALL,5836.3,0.000012%
2011,ARM,URY,ALL,214610.11,0.00045%
2011,ARM,VEN,ALL,1104.44,0.0000023%
2011,ARM,XXA,ALL,195645.76,0.00041%
2012,ARM,BEN,ALL,1290,0.0000027%
2012,ARM,CIV,ALL,2891644.83,0.0061%
2012,ARM,CMR,ALL,13429.02,0.000028%
2012,ARM,COD,ALL,10504,0.000022%
2012,ARM,COM,ALL,1148.22,0.0000024%
2012,ARM,EGY,ALL,6219700.54,0.013%
2012,ARM,ETH,ALL,458124.92,0.00097%
2012,ARM,GAB,ALL,65496.12,0.00014%
2012,ARM,GHA,ALL,395681.55,0.00084%
2012,ARM,KEN,ALL,55912.13,0.00012%
2012,ARM,MAR,ALL,1137459.61,0.0024%
2012,ARM,MDG,ALL,43751.76,0.000093%
2012,ARM,MRT,ALL,32405.49,0.000069%
2012,ARM,MUS,ALL,160385.82,0.00034%
2012,ARM,MWI,ALL,3744651.99,0.0079%
2012,ARM,NER,ALL,1294,0.0000027%
2012,ARM,NGA,ALL,420599.5,0.00089%
2012,ARM,SDN,ALL,8720.18,0.000018%
2012,ARM,SEN,ALL,18666,0.000040%
2012,ARM,SOM,ALL,7622.45,0.000016%
2012,ARM,TUN,ALL,767483,0.0016%
2012,ARM,TZA,ALL,7369,0.000016%
2012,ARM,UGA,ALL,1563591.55,0.0033%
2012,ARM,ZAF,ALL,4699732.48,0.0099%
2012,ARM,ZMB,ALL,105773,0.00022%
2012,ARM,AFG,ALL,1954.1,0.0000041%
2012,ARM,ARE,ALL,47227211.02,0.10%
2012,ARM,BGD,ALL,2083377,0.0044%
2012,ARM,BHR,ALL,41718,0.000088%
2012,ARM,CHN,ALL,386046244.67,0.82%
2012,ARM,CYP,ALL,2362418.53,0.0050%
2012,ARM,GEO,ALL,246432715.01,0.52%
2012,ARM,HKG,ALL,6486404.79,0.014%
2012,ARM,IDN,ALL,25857231.38,0.055%
2012,ARM,IND,ALL,67543673.4,0.14%
2012,ARM,IRN,ALL,201499029.95,0.43%
2012,ARM,IRQ,ALL,31510241.38,0.067%
2012,ARM,ISR,ALL,53524316.32,0.11%
2012,ARM,JOR,ALL,86698.71,0.00018%
2012,ARM,JPN,ALL,59952982.97,0.13%
2012,ARM,KAZ,ALL,8123362.13,0.017%
2012,ARM,KGZ,ALL,753536.72,0.0016%
2012,ARM,KHM,ALL,609038,0.0013%
2012,ARM,KOR,ALL,47281094.07,0.10%
2012,ARM,KWT,ALL,159964.16,0.00034%
2012,ARM,LAO,ALL,40206.88,0.000085%
2012,ARM,LBN,ALL,2768002.92,0.0059%
2012,ARM,LKA,ALL,2776475.66,0.0059%
2012,ARM,MDV,ALL,1094,0.0000023%
2012,ARM,MMR,ALL,499869.56,0.0011%
2012,ARM,MYS,ALL,15690594.55,0.033%
2012,ARM,OMN,ALL,474885.64,0.0010%
2012,ARM,PAK,ALL,3211264.07,0.0068%
2012,ARM,PHL,ALL,2225098.51,0.0047%
2012,ARM,PRK,ALL,77130.47,0.00016%
2012,ARM,QAT,ALL,746216.65,0.0016%
2012,ARM,SAU,ALL,3050997.6,0.0065%
2012,ARM,SGP,ALL,5013580.84,0.011%
2012,ARM,SYR,ALL,2576612.49,0.0055%
2012,ARM,THA,ALL,23524972.53,0.050%
2012,ARM,TJK,ALL,112526.7,0.00024%
2012,ARM,TKM,ALL,13302876.07,0.028%
2012,ARM,TUR,ALL,210472372.22,0.45%
2012,ARM,UZB,ALL,2667447.32,0.0056%
2012,ARM,VNM,ALL,16361877.16,0.035%
2012,ARM,XXB,ALL,10474605.69,0.022%
2012,ARM,YEM,ALL,9229753,0.020%
2012,ARM,ALB,ALL,345456.11,0.00073%
2012,ARM,AND,ALL,15840,0.000034%
2012,ARM,AUT,ALL,46986094.77,0.099%
2012,ARM,BGR,ALL,74167776.4,0.16%
2012,ARM,BIH,ALL,96825.4,0.00020%
2012,ARM,BLR,ALL,31515163.57,0.067%
2012,ARM,BLX,ALL,87000682.3,0.18%
2012,ARM,CHE,ALL,93226748.05,0.20%
2012,ARM,CZE,ALL,36546609.91,0.077%
2012,ARM,DEU,ALL,182830484.54,0.39%
2012,ARM,DNK,ALL,7500541.91,0.016%
2012,ARM,ESP,ALL,48826707.5,0.10%
2012,ARM,EST,ALL,9051241.47,0.019%
2012,ARM,FIN,ALL,21731117.12,0.046%
2012,ARM,FRA,ALL,69143286.42,0.15%
2012,ARM,GBR,ALL,38216529.16,0.081%
2012,ARM,GRC,ALL,29230471.91,0.062%
2012,ARM,HRV,ALL,2335111.04,0.0049%
2012,ARM,HUN,ALL,18762636.49,0.040%
2012,ARM,IRL,ALL,6776089.99,0.014%
2012,ARM,ISL,ALL,117989.06,0.00025%
2012,ARM,ITA,ALL,172511795.47,0.37%
2012,ARM,LTU,ALL,5418105.51,0.011%
2012,ARM,LVA,ALL,2854546.7,0.0060%
2012,ARM,MDA,ALL,1510474.59,0.0032%
2012,ARM,MKD,ALL,382064.65,0.00081%
2012,ARM,MLT,ALL,8530.23,0.000018%
2012,ARM,NLD,ALL,53787900.35,0.11%
2012,ARM,NOR,ALL,1448641.52,0.0031%
2012,ARM,POL,ALL,48430006.88,0.10%
2012,ARM,PRT,ALL,6080679.71,0.013%
2012,ARM,ROU,ALL,74024563.66,0.16%
2012,ARM,RUS,ALL,586669349.74,1.2%
2012,ARM,SMR,ALL,145781.32,0.00031%
2012,ARM,SRB,ALL,1726189.53,0.0037%
2012,ARM,SVK,ALL,7014427.17,0.015%
2012,ARM,SVN,ALL,8464918.38,0.018%
2012,ARM,SWE,ALL,32216295.25,0.068%
2012,ARM,UKR,ALL,196218054.3,0.42%
2012,ARM,CAN,ALL,13816975.22,0.029%
2012,ARM,CRI,ALL,3350865.45,0.0071%
2012,ARM,CUB,ALL,208017.43,0.00044%
2012,ARM,DOM,ALL,208103.39,0.00044%
2012,ARM,GRD,ALL,1157,0.0000024%
2012,ARM,GTM,ALL,48075.85,0.00010%
2012,ARM,HND,ALL,169177.85,0.00036%
2012,ARM,HTI,ALL,12687,0.000027%
2012,ARM,JAM,ALL,1664.08,0.0000035%
2012,ARM,MEX,ALL,8666346.47,0.018%
2012,ARM,NIC,ALL,6932.84,0.000015%
2012,ARM,PAN,ALL,892591.24,0.0019%
2012,ARM,SLV,ALL,90107,0.00019%
2012,ARM,TTO,ALL,8187.54,0.000017%
2012,ARM,USA,ALL,125850147.58,0.27%
2012,ARM,VGB,ALL,858272.49,0.0018%
2012,ARM,AUS,ALL,4664841.11,0.0099%
2012,ARM,FJI,ALL,130666,0.00028%
2012,ARM,NZL,ALL,16686002.23,0.035%
2012,ARM,PNG,ALL,49307.6,0.00010%
2012,ARM,VUT,ALL,1085,0.0000023%
2012,ARM,ARG,ALL,7209187.74,0.015%
2012,ARM,BOL,ALL,7254.07,0.000015%
2012,ARM,BRA,ALL,83761588.77,0.18%
2012,ARM,CHL,ALL,966666.57,0.0020%
2012,ARM,COL,ALL,1277461.09,0.0027%
2012,ARM,ECU,ALL,13501119.97,0.029%
2012,ARM,PER,ALL,145338.93,0.00031%
2012,ARM,PRY,ALL,3750.58,0.0000079%
2012,ARM,URY,ALL,375197.68,0.00079%
2012,ARM,XXA,ALL,615606.76,0.0013%
2013,ARM,BEN,ALL,4469,0.0000095%
2013,ARM,CIV,ALL,2627960.51,0.0056%
2013,ARM,CMR,ALL,163800.16,0.00035%
2013,ARM,COM,ALL,4007.59,0.0000085%
2013,ARM,EGY,ALL,5223215.98,0.011%
2013,ARM,ETH,ALL,425498.21,0.00090%
2013,ARM,GAB,ALL,37795.06,0.000080%
2013,ARM,GHA,ALL,666550.95,0.0014%
2013,ARM,GMB,ALL,7178,0.000015%
2013,ARM,KEN,ALL,2757021.81,0.0058%
2013,ARM,MAR,ALL,1980106.93,0.0042%
2013,ARM,MDG,ALL,80363.09,0.00017%
2013,ARM,MRT,ALL,1231,0.0000026%
2013,ARM,MUS,ALL,228357.89,0.00048%
2013,ARM,MWI,ALL,2983706.55,0.0063%
2013,ARM,NER,ALL,1733,0.0000037%
2013,ARM,NGA,ALL,659918.32,0.0014%
2013,ARM,SLE,ALL,12726.71,0.000027%
2013,ARM,SOM,ALL,3002,0.0000064%
2013,ARM,STP,ALL,2853,0.0000060%
2013,ARM,TGO,ALL,25229.41,0.000053%
2013,ARM,TUN,ALL,1275797.37,0.0027%
2013,ARM,TZA,ALL,55257.04,0.00012%
2013,ARM,UGA,ALL,1922674.24,0.0041%
2013,ARM,ZAF,ALL,47069926.13,0.10%
2013,ARM,ZWE,ALL,9477278.46,0.020%
2013,ARM,AFG,ALL,4495.82,0.0000095%
2013,ARM,ARE,ALL,66601814.55,0.14%
2013,ARM,BGD,ALL,5659707,0.012%
2013,ARM,BHR,ALL,4813,0.000010%
2013,ARM,CHN,ALL,375365098.61,0.79%
2013,ARM,CYP,ALL,1585422.24,0.0034%
2013,ARM,GEO,ALL,257698363.73,0.55%
2013,ARM,HKG,ALL,8058077.79,0.017%
2013,ARM,IDN,ALL,28732437.89,0.061%
2013,ARM,IND,ALL,72845809.88,0.15%
2013,ARM,IRN,ALL,176789352.77,0.37%
2013,ARM,IRQ,ALL,27175240.2,0.058%
2013,ARM,ISR,ALL,51741360.25,0.11%
2013,ARM,JOR,ALL,1144290.5,0.0024%
2013,ARM,JPN,ALL,43695515.37,0.092%
2013,ARM,KAZ,ALL,941397.42,0.0020%
2013,ARM,KGZ,ALL,63614,0.00013%
2013,ARM,KHM,ALL,1260669.03,0.0027%
2013,ARM,KOR,ALL,50551974.6,0.11%
2013,ARM,KWT,ALL,356463.9,0.00075%
2013,ARM,LAO,ALL,15689,0.000033%
2013,ARM,LBN,ALL,1781090.3,0.0038%
2013,ARM,LKA,ALL,2347184.78,0.0050%
2013,ARM,MAC,ALL,3456,0.0000073%
2013,ARM,MMR,ALL,158344.15,0.00034%
2013,ARM,MYS,ALL,16214302.85,0.034%
2013,ARM,NPL,ALL,96997,0.00021%
2013,ARM,OMN,ALL,1053121.76,0.0022%
2013,ARM,PAK,ALL,3635475.24,0.0077%
2013,ARM,PHL,ALL,1869514.55,0.0040%
2013,ARM,QAT,ALL,542154.42,0.0011%
2013,ARM,SAU,ALL,3710843.8,0.0079%
2013,ARM,SGP,ALL,3738068.13,0.0079%
2013,ARM,SYR,ALL,1084384.3,0.0023%
2013,ARM,THA,ALL,21047309.33,0.045%
2013,ARM,TJK,ALL,766132.47,0.0016%
2013,ARM,TKM,ALL,2570437.75,0.0054%
2013,ARM,TLS,ALL,45600,0.000097%
2013,ARM,TUR,ALL,208152972.59,0.44%
2013,ARM,UZB,ALL,1528957.19,0.0032%
2013,ARM,VNM,ALL,14181790.45,0.030%
2013,ARM,XXB,ALL,13930950.51,0.029%
2013,ARM,ALB,ALL,458611.47,0.00097%
2013,ARM,AUT,ALL,73217456.51,0.15%
2013,ARM,BGR,ALL,60802562.93,0.13%
2013,ARM,BIH,ALL,154654.62,0.00033%
2013,ARM,BLR,ALL,35337583.02,0.075%
2013,ARM,BLX,ALL,88995533.81,0.19%
2013,ARM,CHE,ALL,167164971.2,0.35%
2013,ARM,CZE,ALL,26275275.6,0.056%
2013,ARM,DEU,ALL,182407594.36,0.39%
2013,ARM,DNK,ALL,6886750,0.015%
2013,ARM,ESP,ALL,55034482.35,0.12%
2013,ARM,EST,ALL,2998274.04,0.0063%
2013,ARM,FIN,ALL,22795970.36,0.048%
2013,ARM,FRA,ALL,67832713.49,0.14%
2013,ARM,GBR,ALL,50886568.76,0.11%
2013,ARM,GRC,ALL,23240830.16,0.049%
2013,ARM,HRV,ALL,2400818.8,0.0051%
2013,ARM,HUN,ALL,17881961.14,0.038%
2013,ARM,IRL,ALL,7170250.94,0.015%
2013,ARM,ISL,ALL,161699,0.00034%
2013,ARM,ITA,ALL,167696822.34,0.35%
2013,ARM,LTU,ALL,9553132.14,0.020%
2013,ARM,LVA,ALL,2841715.57,0.0060%
2013,ARM,MDA,ALL,1414619.26,0.0030%
2013,ARM,MKD,ALL,307348.34,0.00065%
2013,ARM,MLT,ALL,42068,0.000089%
2013,ARM,NLD,ALL,48788423.91,0.10%
2013,ARM,NOR,ALL,1695161.57,0.0036%
2013,ARM,POL,ALL,46225938.66,0.098%
2013,ARM,PRT,ALL,8952757.19,0.019%
2013,ARM,ROU,ALL,100666927.25,0.21%
2013,ARM,RUS,ALL,1016508092.67,2.2%
2013,ARM,SMR,ALL,9882,0.000021%
2013,ARM,SRB,ALL,2730891.67,0.0058%
2013,ARM,SVK,ALL,8584383.78,0.018%
2013,ARM,SVN,ALL,9438190.67,0.020%
2013,ARM,SWE,ALL,23533854.15,0.050%
2013,ARM,UKR,ALL,197008222.48,0.42%
2013,ARM,AIA,ALL,2423,0.0000051%
2013,ARM,CAN,ALL,23082393.19,0.049%
2013,ARM,CRI,ALL,2921928.86,0.0062%
2013,ARM,CUB,ALL,146786.74,0.00031%
2013,ARM,DOM,ALL,107430.87,0.00023%
2013,ARM,GTM,ALL,32181.95,0.000068%
2013,ARM,HND,ALL,238008.87,0.00050%
2013,ARM,HTI,ALL,24595,0.000052%
2013,ARM,MEX,ALL,7702894.83,0.016%
2013,ARM,NIC,ALL,27319.53,0.000058%
2013,ARM,PAN,ALL,1661416.59,0.0035%
2013,ARM,SLV,ALL,103025.57,0.00022%
2013,ARM,USA,ALL,118502995.86,0.25%
2013,ARM,VGB,ALL,112940,0.00024%
2013,ARM,AUS,ALL,6905476.36,0.015%
2013,ARM,FSM,ALL,3690.06,0.0000078%
2013,ARM,NZL,ALL,16841878.44,0.036%
2013,ARM,ARG,ALL,10932329.66,0.023%
2013,ARM,BOL,ALL,15185.75,0.000032%
2013,ARM,BRA,ALL,61133852.7,0.13%
2013,ARM,CHL,ALL,1736864.64,0.0037%
2013,ARM,COL,ALL,769417.21,0.0016%
2013,ARM,ECU,ALL,7643004.08,0.016%
2013,ARM,PER,ALL,272986.5,0.00058%
2013,ARM,PRY,ALL,275596.71,0.00058%
2013,ARM,URY,ALL,172039.43,0.00036%
2013,ARM,XXA,ALL,5070637.01,0.011%
2014,ARM,BDI,ALL,1048,0.0000022%
2014,ARM,CIV,ALL,1747882.24,0.0037%
2014,ARM,CMR,ALL,49752.43,0.00011%
2014,ARM,DZA,ALL,70849.78,0.00015%
2014,ARM,EGY,ALL,9018561.21,0.019%
2014,ARM,ERI,ALL,9030,0.000019%
2014,ARM,ETH,ALL,365563.63,0.00077%
2014,ARM,GHA,ALL,1297720.61,0.0027%
2014,ARM,GIN,ALL,50059.06,0.00011%
2014,ARM,KEN,ALL,6313.2,0.000013%
2014,ARM,LBR,ALL,117382.89,0.00025%
2014,ARM,MAR,ALL,2153468.34,0.0046%
2014,ARM,MDG,ALL,145218.94,0.00031%
2014,ARM,MRT,ALL,1249,0.0000026%
2014,ARM,MUS,ALL,127221.41,0.00027%
2014,ARM,MWI,ALL,5917158.58,0.013%
2014,ARM,NGA,ALL,1274378.02,0.0027%
2014,ARM,SEN,ALL,215656,0.00046%
2014,ARM,SLE,ALL,651750.17,0.0014%
2014,ARM,TGO,ALL,91855.45,0.00019%
2014,ARM,TUN,ALL,1013438,0.0021%
2014,ARM,TZA,ALL,680281.03,0.0014%
2014,ARM,UGA,ALL,163065.01,0.00035%
2014,ARM,ZAF,ALL,8015935.09,0.017%
2014,ARM,ZWE,ALL,6032096.76,0.013%
2014,ARM,AFG,ALL,46757,0.000099%
2014,ARM,ARE,ALL,67162424.22,0.14%
2014,ARM,BGD,ALL,6455961.16,0.014%
2014,ARM,BHR,ALL,60865,0.00013%
2014,ARM,CHN,ALL,403211612.76,0.85%
2014,ARM,CYP,ALL,1853991.77,0.0039%
2014,ARM,GEO,ALL,254997646.66,0.54%
2014,ARM,HKG,ALL,6228054.45,0.013%
2014,ARM,IDN,ALL,25159671.63,0.053%
2014,ARM,IND,ALL,74255565.54,0.16%
2014,ARM,IRN,ALL,194618463.19,0.41%
2014,ARM,IRQ,ALL,24496230.04,0.052%
2014,ARM,ISR,ALL,34237188.46,0.072%
2014,ARM,JOR,ALL,5120260.3,0.011%
2014,ARM,JPN,ALL,41586962.52,0.088%
2014,ARM,KAZ,ALL,572227.54,0.0012%
2014,ARM,KGZ,ALL,95084,0.00020%
2014,ARM,KHM,ALL,1580605.08,0.0033%
2014,ARM,KOR,ALL,37836469.07,0.080%
2014,ARM,KWT,ALL,131774,0.00028%
2014,ARM,LAO,ALL,8024,0.000017%
2014,ARM,LBN,ALL,1593995.45,0.0034%
2014,ARM,LKA,ALL,2889429.41,0.0061%
2014,ARM,MAC,ALL,2307,0.0000049%
2014,ARM,MDV,ALL,1086,0.0000023%
2014,ARM,MMR,ALL,113866,0.00024%
2014,ARM,MYS,ALL,13204690.63,0.028%
2014,ARM,NPL,ALL,33578,0.000071%
2014,ARM,OMN,ALL,1657024.59,0.0035%
2014,ARM,PAK,ALL,4141769.42,0.0088%
2014,ARM,PHL,ALL,2083412.02,0.0044%
2014,ARM,PRK,ALL,4896,0.000010%
2014,ARM,PSE,ALL,58062,0.00012%
2014,ARM,QAT,ALL,268009.08,0.00057%
2014,ARM,SAU,ALL,5182905.28,0.011%
2014,ARM,SGP,ALL,4144186.01,0.0088%
2014,ARM,SYR,ALL,595812.19,0.0013%
2014,ARM,THA,ALL,38899608.13,0.082%
2014,ARM,TJK,ALL,335098,0.00071%
2014,ARM,TKM,ALL,1162715.54,0.0025%
2014,ARM,TLS,ALL,1817,0.0000038%
2014,ARM,TUR,ALL,227995471.45,0.48%
2014,ARM,UZB,ALL,1200846.47,0.0025%
2014,ARM,VNM,ALL,28877474.15,0.061%
2014,ARM,XXB,ALL,16503365.61,0.035%
2014,ARM,ALB,ALL,141425,0.00030%
2014,ARM,AUT,ALL,76011159.76,0.16%
2014,ARM,BGR,ALL,29902904.76,0.063%
2014,ARM,BIH,ALL,90011.44,0.00019%
2014,ARM,BLR,ALL,27397308.24,0.058%
2014,ARM,BLX,ALL,101854323.4,0.22%
2014,ARM,CHE,ALL,146965653.58,0.31%
2014,ARM,CZE,ALL,25526084.73,0.054%
2014,ARM,DEU,ALL,182118137.42,0.39%
2014,ARM,DNK,ALL,7638985.48,0.016%
2014,ARM,ESP,ALL,48883822.78,0.10%
2014,ARM,EST,ALL,3349819.94,0.0071%
2014,ARM,FIN,ALL,26033815.24,0.055%
2014,ARM,FRA,ALL,81091561.49,0.17%
2014,ARM,GBR,ALL,51135010.36,0.11%
2014,ARM,GRC,ALL,17261662.24,0.037%
2014,ARM,HRV,ALL,1530217.96,0.0032%
2014,ARM,HUN,ALL,19724578.87,0.042%
2014,ARM,IRL,ALL,9904287.58,0.021%
2014,ARM,ISL,ALL,50662.73,0.00011%
2014,ARM,ITA,ALL,188121806.7,0.40%
2014,ARM,LTU,ALL,9413224.5,0.020%
2014,ARM,LVA,ALL,4769051.96,0.010%
2014,ARM,MDA,ALL,3655898.85,0.0077%
2014,ARM,MKD,ALL,457567.2,0.00097%
2014,ARM,MLT,ALL,87729,0.00019%
2014,ARM,MNE,ALL,3484,0.0000074%
2014,ARM,NLD,ALL,52227878.66,0.11%
2014,ARM,NOR,ALL,1485289.2,0.0031%
2014,ARM,POL,ALL,53497073.68,0.11%
2014,ARM,PRT,ALL,8460861.7,0.018%
2014,ARM,ROU,ALL,37497791.65,0.079%
2014,ARM,RUS,ALL,989518526.8,2.1%
2014,ARM,SMR,ALL,11797,0.000025%
2014,ARM,SRB,ALL,2280560.2,0.0048%
2014,ARM,SVK,ALL,9565313.37,0.020%
2014,ARM,SVN,ALL,12507293.05,0.026%
2014,ARM,SWE,ALL,27818812.51,0.059%
2014,ARM,UKR,ALL,181970098.4,0.39%
2014,ARM,BHS,ALL,2015.32,0.0000043%
2014,ARM,CAN,ALL,19020927.73,0.040%
2014,ARM,CRI,ALL,1401962.35,0.0030%
2014,ARM,CUB,ALL,152647.25,0.00032%
2014,ARM,DOM,ALL,111319.47,0.00024%
2014,ARM,GTM,ALL,27528,0.000058%
2014,ARM,HND,ALL,28664.44,0.000061%
2014,ARM,HTI,ALL,2321,0.0000049%
2014,ARM,MEX,ALL,6693322.47,0.014%
2014,ARM,NIC,ALL,8866,0.000019%
2014,ARM,PAN,ALL,88532.76,0.00019%
2014,ARM,SLV,ALL,59356.23,0.00013%
2014,ARM,USA,ALL,110184009.1,0.23%
2014,ARM,VGB,ALL,12384,0.000026%
2014,ARM,ASM,ALL,3100,0.0000066%
2014,ARM,AUS,ALL,8727414.04,0.018%
2014,ARM,NRU,ALL,5536,0.000012%
2014,ARM,NZL,ALL,17453095.56,0.037%
2014,ARM,TON,ALL,12404,0.000026%
2014,ARM,ARG,ALL,5338720.17,0.011%
2014,ARM,BOL,ALL,2182.83,0.0000046%
2014,ARM,BRA,ALL,84426179.68,0.18%
2014,ARM,CHL,ALL,2503118.63,0.0053%
2014,ARM,COL,ALL,421574.3,0.00089%
2014,ARM,ECU,ALL,8682598.07,0.018%
2014,ARM,PER,ALL,510047.09,0.0011%
2014,ARM,PRY,ALL,734791.71,0.0016%
2014,ARM,URY,ALL,23207.05,0.000049%
2015,ARM,BFA,ALL,1320,0.0000028%
2015,ARM,CAF,ALL,5718,0.000012%
2015,ARM,CIV,ALL,1355250.18,0.0029%
2015,ARM,CMR,ALL,63312.73,0.00013%
2015,ARM,COM,ALL,1855,0.0000039%
2015,ARM,DZA,ALL,2514,0.0000053%
2015,ARM,EGY,ALL,8517859.42,0.018%
2015,ARM,ERI,ALL,1767,0.0000037%
2015,ARM,ETH,ALL,249129.64,0.00053%
2015,ARM,GHA,ALL,973529.4,0.0021%
2015,ARM,KEN,ALL,8992.18,0.000019%
2015,ARM,MAR,ALL,2757020.32,0.0058%
2015,ARM,MDG,ALL,70685,0.00015%
2015,ARM,MLI,ALL,1563,0.0000033%
2015,ARM,MRT,ALL,4521.88,0.0000096%
2015,ARM,MUS,ALL,131256.54,0.00028%
2015,ARM,MWI,ALL,2541980.17,0.0054%
2015,ARM,NER,ALL,21534.4,0.000046%
2015,ARM,NGA,ALL,689622.28,0.0015%
2015,ARM,RWA,ALL,6521.77,0.000014%
2015,ARM,SEN,ALL,4721,0.000010%
2015,ARM,SLE,ALL,2380,0.0000050%
2015,ARM,TGO,ALL,749307.61,0.0016%
2015,ARM,TUN,ALL,835743,0.0018%
2015,ARM,TZA,ALL,18008.03,0.000038%
2015,ARM,UGA,ALL,81320.81,0.00017%
2015,ARM,ZAF,ALL,11045271.54,0.023%
2015,ARM,ZMB,ALL,3232.05,0.0000068%
2015,ARM,ZWE,ALL,7733014.85,0.016%
2015,ARM,ARE,ALL,43271009.88,0.092%
2015,ARM,AZE,ALL,416405.88,0.00088%
2015,ARM,BGD,ALL,7791040.64,0.016%
2015,ARM,BHR,ALL,84414,0.00018%
2015,ARM,CHN,ALL,306729003.89,0.65%
2015,ARM,CYP,ALL,1225828.81,0.0026%
2015,ARM,GEO,ALL,151486783.65,0.32%
2015,ARM,HKG,ALL,5304515.46,0.011%
2015,ARM,IDN,ALL,24921690.26,0.053%
2015,ARM,IND,ALL,52162045.13,0.11%
2015,ARM,IRN,ALL,185641966.7,0.39%
2015,ARM,IRQ,ALL,1598413.38,0.0034%
2015,ARM,ISR,ALL,8162374.76,0.017%
2015,ARM,JOR,ALL,165525.9,0.00035%
2015,ARM,JPN,ALL,43291544.83,0.092%
2015,ARM,KAZ,ALL,807385.74,0.0017%
2015,ARM,KGZ,ALL,166439.2,0.00035%
2015,ARM,KHM,ALL,1942340,0.0041%
2015,ARM,KOR,ALL,31115563.25,0.066%
2015,ARM,KWT,ALL,42180.34,0.000089%
2015,ARM,LAO,ALL,8443,0.000018%
2015,ARM,LBN,ALL,1214810.02,0.0026%
2015,ARM,LKA,ALL,2117936.37,0.0045%
2015,ARM,MMR,ALL,44596,0.000094%
2015,ARM,MYS,ALL,12386841.34,0.026%
2015,ARM,NPL,ALL,38750,0.000082%
2015,ARM,OMN,ALL,652099.78,0.0014%
2015,ARM,PAK,ALL,4116663.46,0.0087%
2015,ARM,PHL,ALL,1823192.85,0.0039%
2015,ARM,PRK,ALL,39104.46,0.000083%
2015,ARM,PSE,ALL,127965,0.00027%
2015,ARM,QAT,ALL,304564.69,0.00064%
2015,ARM,SAU,ALL,3249681.41,0.0069%
2015,ARM,SGP,ALL,2513398.49,0.0053%
2015,ARM,SYR,ALL,188248.66,0.00040%
2015,ARM,THA,ALL,11777602.71,0.025%
2015,ARM,TKM,ALL,491202.52,0.0010%
2015,ARM,TUR,ALL,134292463.18,0.28%
2015,ARM,UZB,ALL,1623522.6,0.0034%
2015,ARM,VNM,ALL,14641500.7,0.031%
2015,ARM,XXB,ALL,10820976.47,0.023%
2015,ARM,ALB,ALL,152232,0.00032%
2015,ARM,AND,ALL,1194.12,0.0000025%
2015,ARM,AUT,ALL,20526452.51,0.043%
2015,ARM,BGR,ALL,28542799.86,0.060%
2015,ARM,BIH,ALL,207768.17,0.00044%
2015,ARM,BLR,ALL,27216875.97,0.058%
2015,ARM,BLX,ALL,58640499.89,0.12%
2015,ARM,CHE,ALL,49304588.17,0.10%
2015,ARM,CZE,ALL,24202454.02,0.051%
2015,ARM,DEU,ALL,184293519.8,0.39%
2015,ARM,DNK,ALL,10483573.24,0.022%
2015,ARM,ESP,ALL,26648652.86,0.056%
2015,ARM,EST,ALL,4970951.04,0.011%
2015,ARM,FIN,ALL,13880839.19,0.029%
2015,ARM,FRA,ALL,65021411.65,0.14%
2015,ARM,GBR,ALL,30879369.36,0.065%
2015,ARM,GRC,ALL,17133247.37,0.036%
2015,ARM,HRV,ALL,2450129.52,0.0052%
2015,ARM,HUN,ALL,13608354.63,0.029%
2015,ARM,IRL,ALL,8206325.27,0.017%
2015,ARM,ISL,ALL,51413.22,0.00011%
2015,ARM,ITA,ALL,146516262.48,0.31%
2015,ARM,LTU,ALL,16559347.16,0.035%
2015,ARM,LVA,ALL,6436850.24,0.014%
2015,ARM,MDA,ALL,1197544.87,0.0025%
2015,ARM,MKD,ALL,539730.82,0.0011%
2015,ARM,MLT,ALL,150578,0.00032%
2015,ARM,MNE,ALL,2056,0.0000044%
2015,ARM,NLD,ALL,33722179.53,0.071%
2015,ARM,NOR,ALL,2139373.11,0.0045%
2015,ARM,POL,ALL,42638355.91,0.090%
2015,ARM,PRT,ALL,8632980.05,0.018%
2015,ARM,ROU,ALL,17731015.88,0.038%
2015,ARM,RUS,ALL,915536076.73,1.9%
2015,ARM,SMR,ALL,147152,0.00031%
2015,ARM,SRB,ALL,1964656.12,0.0042%
2015,ARM,SVK,ALL,8759323.36,0.019%
2015,ARM,SVN,ALL,7348979.36,0.016%
2015,ARM,SWE,ALL,24766329.75,0.052%
2015,ARM,UKR,ALL,117041478.05,0.25%
2015,ARM,AIA,ALL,48550.51,0.00010%
2015,ARM,BHS,ALL,1651.5,0.0000035%
2015,ARM,BRB,ALL,3103.77,0.0000066%
2015,ARM,CAN,ALL,13097086.67,0.028%
2015,ARM,CRI,ALL,711842.31,0.0015%
2015,ARM,CUB,ALL,110502.24,0.00023%
2015,ARM,DOM,ALL,147083.78,0.00031%
2015,ARM,GTM,ALL,105412.06,0.00022%
2015,ARM,HND,ALL,174115.75,0.00037%
2015,ARM,HTI,ALL,2275,0.0000048%
2015,ARM,JAM,ALL,2628.56,0.0000056%
2015,ARM,MEX,ALL,6425817.15,0.014%
2015,ARM,NIC,ALL,18859.68,0.000040%
2015,ARM,PAN,ALL,131075.59,0.00028%
2015,ARM,SLV,ALL,150973.45,0.00032%
2015,ARM,USA,ALL,108325401.78,0.23%
2015,ARM,AUS,ALL,4116221.67,0.0087%
2015,ARM,FJI,ALL,4046.05,0.0000086%
2015,ARM,NZL,ALL,11263491.33,0.024%
2015,ARM,ARG,ALL,10155412.71,0.021%
2015,ARM,BOL,ALL,409918.28,0.00087%
2015,ARM,BRA,ALL,53693564.56,0.11%
2015,ARM,CHL,ALL,2133809.26,0.0045%
2015,ARM,COL,ALL,154593.07,0.00033%
2015,ARM,ECU,ALL,7424576.36,0.016%
2015,ARM,PER,ALL,204047.01,0.00043%
2015,ARM,PRY,ALL,515342.5,0.0011%
2015,ARM,URY,ALL,18457.31,0.000039%
2015,ARM,VEN,ALL,27923.95,0.000059%
2016,ARM,AGO,ALL,28718,0.000061%
2016,ARM,BDI,ALL,799,0.0000017%
2016,ARM,BEN,ALL,4673,0.0000099%
2016,ARM,BFA,ALL,33,7.0e-8%
2016,ARM,BWA,ALL,1681840,0.0036%
2016,ARM,CIV,ALL,1419315,0.0030%
2016,ARM,CMR,ALL,33491,0.000071%
2016,ARM,COD,ALL,494,0.0000010%
2016,ARM,COM,ALL,4231,0.0000090%
2016,ARM,EGY,ALL,7666224,0.016%
2016,ARM,ETH,ALL,389258,0.00082%
2016,ARM,GAB,ALL,1645,0.0000035%
2016,ARM,GHA,ALL,1007940,0.0021%
2016,ARM,GIN,ALL,1027,0.0000022%
2016,ARM,KEN,ALL,6714,0.000014%
2016,ARM,LSO,ALL,969,0.0000021%
2016,ARM,MAR,ALL,1856172,0.0039%
2016,ARM,MDG,ALL,86860,0.00018%
2016,ARM,MLI,ALL,8313,0.000018%
2016,ARM,MRT,ALL,2750,0.0000058%
2016,ARM,MUS,ALL,155032,0.00033%
2016,ARM,MWI,ALL,4201170,0.0089%
2016,ARM,NAM,ALL,139334,0.00029%
2016,ARM,NER,ALL,1607,0.0000034%
2016,ARM,NGA,ALL,635270,0.0013%
2016,ARM,RWA,ALL,225,4.8e-7%
2016,ARM,SDN,ALL,34752,0.000074%
2016,ARM,SEN,ALL,328,6.9e-7%
2016,ARM,SLE,ALL,693247,0.0015%
2016,ARM,SOM,ALL,1000,0.0000021%
2016,ARM,SWZ,ALL,2412,0.0000051%
2016,ARM,TGO,ALL,934353,0.0020%
2016,ARM,TUN,ALL,873533,0.0018%
2016,ARM,TZA,ALL,169459,0.00036%
2016,ARM,UGA,ALL,39566,0.000084%
2016,ARM,ZAF,ALL,13004201,0.028%
2016,ARM,ZWE,ALL,6813831,0.014%
2016,ARM,AFG,ALL,81687,0.00017%
2016,ARM,ARE,ALL,57798774,0.12%
2016,ARM,AZE,ALL,2188925,0.0046%
2016,ARM,BGD,ALL,11841977,0.025%
2016,ARM,CHN,ALL,363469598,0.77%
2016,ARM,CYP,ALL,2520329,0.0053%
2016,ARM,GEO,ALL,95020573,0.20%
2016,ARM,HKG,ALL,2797890,0.0059%
2016,ARM,IDN,ALL,23859035,0.051%
2016,ARM,IND,ALL,69395025,0.15%
2016,ARM,IRN,ALL,164894399,0.35%
2016,ARM,IRQ,ALL,103373,0.00022%
2016,ARM,ISR,ALL,4665352,0.0099%
2016,ARM,JOR,ALL,174242,0.00037%
2016,ARM,JPN,ALL,32383726,0.069%
2016,ARM,KAZ,ALL,676029,0.0014%
2016,ARM,KGZ,ALL,81455,0.00017%
2016,ARM,KHM,ALL,1870354,0.0040%
2016,ARM,KOR,ALL,16714635,0.035%
2016,ARM,KWT,ALL,8546,0.000018%
2016,ARM,LAO,ALL,8454,0.000018%
2016,ARM,LBN,ALL,1042031,0.0022%
2016,ARM,LKA,ALL,1820036,0.0039%
2016,ARM,MAC,ALL,3697,0.0000078%
2016,ARM,MMR,ALL,167180,0.00035%
2016,ARM,MYS,ALL,13064819,0.028%
2016,ARM,NPL,ALL,24529,0.000052%
2016,ARM,OMN,ALL,207006,0.00044%
2016,ARM,PAK,ALL,3563100,0.0075%
2016,ARM,PHL,ALL,1427546,0.0030%
2016,ARM,PRK,ALL,49751,0.00011%
2016,ARM,PSE,ALL,123441,0.00026%
2016,ARM,QAT,ALL,414013,0.00088%
2016,ARM,SAU,ALL,7861275,0.017%
2016,ARM,SGP,ALL,1126680,0.0024%
2016,ARM,SYR,ALL,605503,0.0013%
2016,ARM,THA,ALL,15208959,0.032%
2016,ARM,TKM,ALL,4672107,0.0099%
2016,ARM,TUR,ALL,168950313,0.36%
2016,ARM,UZB,ALL,1588532,0.0034%
2016,ARM,VNM,ALL,24349244,0.052%
2016,ARM,YEM,ALL,126,2.7e-7%
2016,ARM,ALB,ALL,223992,0.00047%
2016,ARM,AND,ALL,11066,0.000023%
2016,ARM,AUT,ALL,18007666,0.038%
2016,ARM,BEL,ALL,56966464,0.12%
2016,ARM,BGR,ALL,31968587,0.068%
2016,ARM,BIH,ALL,212434,0.00045%
2016,ARM,BLR,ALL,23203366,0.049%
2016,ARM,CHE,ALL,37554827,0.079%
2016,ARM,CZE,ALL,15097322,0.032%
2016,ARM,DEU,ALL,160432875,0.34%
2016,ARM,DNK,ALL,5158028,0.011%
2016,ARM,ESP,ALL,25822836,0.055%
2016,ARM,EST,ALL,9952151,0.021%
2016,ARM,FIN,ALL,18879973,0.040%
2016,ARM,FRA,ALL,52519518,0.11%
2016,ARM,FRO,ALL,82174,0.00017%
2016,ARM,GBR,ALL,28011094,0.059%
2016,ARM,GIB,ALL,66,1.4e-7%
2016,ARM,GRC,ALL,21302182,0.045%
2016,ARM,HRV,ALL,1399115,0.0030%
2016,ARM,HUN,ALL,10777594,0.023%
2016,ARM,IRL,ALL,9152524,0.019%
2016,ARM,ISL,ALL,187652,0.00040%
2016,ARM,ITA,ALL,127396287,0.27%
2016,ARM,LTU,ALL,4797005,0.010%
2016,ARM,LUX,ALL,773365,0.0016%
2016,ARM,LVA,ALL,1559576,0.0033%
2016,ARM,MDA,ALL,1018441,0.0022%
2016,ARM,MKD,ALL,335363,0.00071%
2016,ARM,MLT,ALL,217708,0.00046%
2016,ARM,MNE,ALL,11729,0.000025%
2016,ARM,NLD,ALL,27996820,0.059%
2016,ARM,NOR,ALL,1766801,0.0037%
2016,ARM,POL,ALL,36651336,0.078%
2016,ARM,PRT,ALL,5873544,0.012%
2016,ARM,ROU,ALL,12509639,0.026%
2016,ARM,RUS,ALL,990575993,2.1%
2016,ARM,SMR,ALL,669,0.0000014%
2016,ARM,SRB,ALL,2222915,0.0047%
2016,ARM,SVK,ALL,4422129,0.0094%
2016,ARM,SVN,ALL,6921071,0.015%
2016,ARM,SWE,ALL,13979921,0.030%
2016,ARM,UKR,ALL,98887741,0.21%
2016,ARM,VAT,ALL,2066,0.0000044%
2016,ARM,AIA,ALL,129209,0.00027%
2016,ARM,BHS,ALL,2469,0.0000052%
2016,ARM,BLM,ALL,3747,0.0000079%
2016,ARM,BRB,ALL,14387,0.000030%
2016,ARM,CAN,ALL,11887012,0.025%
2016,ARM,CRI,ALL,590801,0.0013%
2016,ARM,CUB,ALL,87074,0.00018%
2016,ARM,DMA,ALL,379,8.0e-7%
2016,ARM,DOM,ALL,128551,0.00027%
2016,ARM,GRD,ALL,10467,0.000022%
2016,ARM,GRL,ALL,1881,0.0000040%
2016,ARM,GTM,ALL,14571,0.000031%
2016,ARM,HND,ALL,181312,0.00038%
2016,ARM,HTI,ALL,3263,0.0000069%
2016,ARM,JAM,ALL,3048,0.0000065%
2016,ARM,KNA,ALL,1304,0.0000028%
2016,ARM,MEX,ALL,7627960,0.016%
2016,ARM,NIC,ALL,10166,0.000022%
2016,ARM,PAN,ALL,72235,0.00015%
2016,ARM,SLV,ALL,155484,0.00033%
2016,ARM,TTO,ALL,25964,0.000055%
2016,ARM,USA,ALL,79103259,0.17%
2016,ARM,ASM,ALL,2088,0.0000044%
2016,ARM,AUS,ALL,2570652,0.0054%
2016,ARM,FJI,ALL,2553,0.0000054%
2016,ARM,NIU,ALL,103,2.2e-7%
2016,ARM,NRU,ALL,633,0.0000013%
2016,ARM,NZL,ALL,12832853,0.027%
2016,ARM,ARG,ALL,9092968,0.019%
2016,ARM,BOL,ALL,9421,0.000020%
2016,ARM,BRA,ALL,48856297,0.10%
2016,ARM,CHL,ALL,1014367,0.0021%
2016,ARM,COL,ALL,295412,0.00063%
2016,ARM,ECU,ALL,8455565,0.018%
2016,ARM,GUY,ALL,636,0.0000013%
2016,ARM,PER,ALL,248323,0.00053%
2016,ARM,PRY,ALL,216513,0.00046%
2016,ARM,SUR,ALL,313,6.6e-7%
2016,ARM,URY,ALL,2366,0.0000050%
