year,country_destination_id,export_val
2000,DZA,6327
2000,EGY,69809
2000,MOZ,9618.01
2000,SDN,1875
2000,ZAF,41475
2000,ZMB,11009
2000,ARE,5390225
2000,CHN,1764655.78
2000,CYP,1634550.75
2000,GEO,6441641.12
2000,HKG,45160
2000,IND,621360.13
2000,IRN,25503151.95
2000,ISR,16292741.71
2000,JOR,41847.12
2000,JPN,223454.98
2000,KAZ,1887031
2000,KGZ,11816.32
2000,KOR,49477.75
2000,KWT,2063
2000,LBN,218387.02
2000,OMN,507571.53
2000,PAK,71886
2000,QAT,15565.55
2000,SAU,35473.2
2000,SGP,83381.7
2000,SYR,76956
2000,THA,8488
2000,TKM,3117974.14
2000,TUR,1430278
2000,UZB,128370
2000,VNM,27271.04
2000,ALB,132339.39
2000,AUT,39028.26
2000,BGR,376453.73
2000,BLR,1399813.42
2000,BLX,76598877.95
2000,CHE,14207884.97
2000,CZE,120969.75
2000,DEU,24445025.6
2000,ESP,194544.96
2000,EST,169663.9
2000,FIN,64478.76
2000,FRA,684363.84
2000,GBR,10334554.25
2000,GRC,3427928.52
2000,HUN,398667
2000,IRL,2214.75
2000,ITA,2935562.59
2000,LTU,918306.34
2000,LVA,352073.64
2000,MDA,126241.62
2000,MKD,28537
2000,MLT,11291
2000,NLD,4327398.93
2000,NOR,11676
2000,POL,33998
2000,PRT,8079
2000,ROU,399699
2000,RUS,43747548.72
2000,SVK,5342.2
2000,SVN,9231
2000,SWE,124475.11
2000,UKR,3329442.97
2000,YUG,268523
2000,BRB,2172
2000,CAN,1709018.19
2000,MEX,3132.22
2000,SLV,1777.14
2000,USA,39504729.44
2000,VGB,14064
2000,AUS,22205
2000,NZL,47365
2000,BOL,1270
2000,BRA,103794
2000,CHL,1766
2000,COL,21949.62
2000,VEN,99535.83
2001,CIV,8000
2001,EGY,27162
2001,MLI,46078.61
2001,ZAF,29806
2001,ARE,7235517
2001,BHR,13541
2001,CHN,148660.94
2001,CYP,2663948.19
2001,GEO,7620748.53
2001,HKG,1092005.85
2001,IDN,16718.38
2001,IND,128598.69
2001,IRN,27121830.81
2001,ISR,31982275.98
2001,JOR,97016
2001,JPN,104079.26
2001,KAZ,1538041.61
2001,KGZ,130377.34
2001,KOR,39184
2001,KWT,2548
2001,LBN,167688.16
2001,MAC,6957
2001,MYS,16950.47
2001,OMN,913928.3
2001,PAK,105817
2001,QAT,73091
2001,SAU,194171
2001,SGP,9063.64
2001,SYR,64241
2001,THA,8556
2001,TJK,241770
2001,TKM,803207
2001,TUR,888336
2001,UZB,51928
2001,VNM,143529.27
2001,AND,17141.11
2001,AUT,68362.76
2001,BGR,323201.75
2001,BLR,1472931.33
2001,BLX,48479379.1
2001,CHE,23335709.3
2001,DEU,14073290.94
2001,DNK,4423
2001,ESP,259721.11
2001,EST,11910.77
2001,FIN,624225
2001,FRA,720673.86
2001,GBR,19841630.1
2001,GIB,3424580
2001,GRC,2677513.77
2001,HUN,847962
2001,IRL,12510
2001,ITA,7884132.71
2001,LTU,1068557.71
2001,LVA,372110.11
2001,MDA,179131.5
2001,NLD,4046680.09
2001,NOR,8582
2001,POL,30701
2001,PRT,11307.53
2001,ROU,2647000
2001,RUS,58900789.95
2001,SVK,13638
2001,SVN,1270
2001,SWE,25427
2001,UKR,8509339
2001,YUG,2652662.49
2001,BHS,202105
2001,CAN,1401866.42
2001,CUB,6321.04
2001,MEX,124288.03
2001,NIC,394535
2001,PAN,32410.67
2001,SLV,1070.3
2001,USA,58507906.31
2001,VGB,1696937
2001,AUS,111872.97
2001,NZL,82732.33
2001,PNG,14945
2001,ARG,1100
2001,BOL,2611
2001,BRA,40406
2001,CHL,33458.74
2001,COL,50103
2001,ECU,40048.12
2001,GUY,1257227.93
2001,VEN,20326
2002,GAB,12874
2002,NGA,615000
2002,UGA,6307
2002,ZAF,374838
2002,ARE,13882178
2002,CHN,4061589.87
2002,CYP,1114589.67
2002,GEO,5832320.27
2002,HKG,4490606.95
2002,IDN,1326.44
2002,IND,467556.31
2002,IRN,29717975.16
2002,ISR,85426465.12
2002,JOR,2250
2002,JPN,937886.91
2002,KAZ,1051939.26
2002,KGZ,174588.5
2002,KOR,943034.92
2002,KWT,6232.87
2002,LBN,335574.76
2002,MAC,53560
2002,MYS,65480
2002,OMN,2703066.26
2002,QAT,28211.62
2002,SAU,317972.23
2002,SYR,196239
2002,TJK,128000
2002,TKM,2680709
2002,TUR,234784
2002,UZB,215966
2002,VNM,47690.78
2002,XXB,281060
2002,ALB,1436
2002,AUT,476180
2002,BGR,179728.89
2002,BLR,2078764.35
2002,BLX,94597654.46
2002,CHE,8279097.6
2002,CZE,345231
2002,DEU,31562996.47
2002,DNK,31609.42
2002,ESP,953975.97
2002,EST,179766.43
2002,FIN,67597
2002,FRA,1328036.3
2002,GBR,51462935.51
2002,GRC,1075685.2
2002,HUN,268280.55
2002,IRL,4305.34
2002,ISL,528781
2002,ITA,10907688.97
2002,LTU,316612.74
2002,LVA,632460.32
2002,MDA,151166.65
2002,MKD,115551.31
2002,MLT,13975
2002,NLD,12933391.52
2002,NOR,37542.02
2002,POL,44997
2002,ROU,81605.48
2002,RUS,62284668.98
2002,SVN,15409
2002,SWE,139081.8
2002,UKR,8208887.2
2002,YUG,1437828.18
2002,BHS,1579147
2002,CAN,2413167.43
2002,HND,80401.02
2002,PAN,31996
2002,USA,50423258.93
2002,VGB,649290
2002,ASM,5390
2002,AUS,68462.21
2002,MHL,29907
2002,NZL,31954
2002,WSM,2295
2002,CHL,381047.69
2002,COL,4808
2002,ECU,1832
2002,VEN,122009.1
2002,XXA,1357
2003,CMR,19898
2003,COG,2700
2003,EGY,49807
2003,GHA,26518
2003,SDN,27146
2003,SEN,7221
2003,ZAF,806535.78
2003,ZMB,4500
2003,ARE,16574546
2003,CHN,4592049.76
2003,CYP,247418.78
2003,GEO,7224083.44
2003,HKG,950183.02
2003,IDN,203051.52
2003,IND,199997.19
2003,IRN,21528393.08
2003,ISR,95801504.83
2003,JOR,17500
2003,JPN,1278158.02
2003,KAZ,1315360.11
2003,KGZ,112492
2003,KOR,473362.25
2003,KWT,14937.97
2003,LBN,222729.69
2003,MAC,49018
2003,MYS,2053
2003,OMN,3901
2003,PAK,178820.53
2003,PHL,17000
2003,QAT,1775
2003,SAU,772790
2003,SYR,476369
2003,THA,2376536.11
2003,TKM,3466769
2003,TUR,123898
2003,UZB,495562
2003,VNM,42657.07
2003,XXB,387243
2003,ALB,1069.26
2003,AUT,493244.09
2003,BGR,4068067.11
2003,BLR,2409571.23
2003,BLX,128828693.7
2003,CHE,31137132.5
2003,CZE,261945.61
2003,DEU,45070321.39
2003,ESP,1358828.65
2003,EST,121354
2003,FIN,85950
2003,FRA,2302166.52
2003,GBR,147148874.9
2003,GIB,68000
2003,GRC,5134381.58
2003,HRV,8670
2003,HUN,92650
2003,IRL,120449.38
2003,ISL,610366
2003,ITA,17445274.88
2003,LTU,172027.98
2003,LVA,639075.8
2003,MDA,308927.24
2003,MKD,396831.73
2003,MLT,1555
2003,NLD,23694369.92
2003,POL,160604.57
2003,PRT,23588.08
2003,ROU,9358
2003,RUS,93029063.72
2003,SVK,19112
2003,SVN,5536
2003,SWE,67261.17
2003,UKR,7696207.87
2003,YUG,1765
2003,BHS,1087026
2003,BLZ,1277867
2003,CAN,2275829.12
2003,HND,142659.17
2003,MEX,13550.55
2003,PAN,284527
2003,USA,57009003.77
2003,VGB,1081497
2003,AUS,73404.39
2003,NZL,8533
2003,ARG,7668.83
2003,BRA,296088
2003,CHL,402396.36
2003,COL,12595.43
2003,GUY,63590.4
2003,VEN,2626
2003,XXA,20077
2004,CMR,18000
2004,EGY,472929
2004,MLI,18980.33
2004,MOZ,31582.23
2004,MUS,5587.69
2004,SDN,192535
2004,SEN,173497.86
2004,TZA,160400
2004,UGA,29918
2004,ZAF,83009
2004,ARE,8809737
2004,BGD,31753
2004,BHR,2405
2004,CHN,22687892.42
2004,CYP,95950.51
2004,GEO,17344857.8
2004,HKG,4420145.35
2004,IDN,2150
2004,IND,937210.84
2004,IRN,30874141.52
2004,IRQ,224640
2004,ISR,95391053.67
2004,JOR,10057
2004,JPN,464766.04
2004,KAZ,2511016.67
2004,KGZ,19147.28
2004,KOR,651155
2004,KWT,9338
2004,LBN,481310.51
2004,LKA,40000
2004,MNG,12029.08
2004,MYS,5478.45
2004,PAK,76010.63
2004,SAU,591186.53
2004,SGP,7124
2004,SYR,733210.24
2004,THA,371625.78
2004,TKM,414992
2004,TUR,1199533
2004,UZB,833391
2004,VNM,22585.92
2004,XXB,2143795
2004,YEM,3312034.22
2004,AUT,2504450.48
2004,BGR,6074425.82
2004,BLR,2072567.98
2004,BLX,109633957
2004,CHE,44001371.05
2004,CZE,1555363.21
2004,DEU,89596189.64
2004,DNK,22783.21
2004,ESP,7730644.66
2004,EST,154025.83
2004,FIN,372461
2004,FRA,2820624.09
2004,GBR,1265095.97
2004,GIB,6980
2004,GRC,821748.93
2004,HRV,17301.95
2004,HUN,699537.23
2004,IRL,31944
2004,ISL,1970809
2004,ITA,25481703.69
2004,LTU,155575.79
2004,LVA,992910.48
2004,MDA,212035.47
2004,MKD,3209.09
2004,MLT,18386
2004,NLD,41618214.55
2004,POL,997608.22
2004,PRT,2275.44
2004,ROU,425600.33
2004,RUS,78275109.18
2004,SVK,384463.36
2004,SVN,23394
2004,SWE,120345.97
2004,UKR,10561173.51
2004,YUG,41723
2004,BHS,319247
2004,BLZ,10961174
2004,CAN,3044799.23
2004,DMA,112131
2004,HND,1669100.6
2004,MEX,97894
2004,PAN,192888
2004,TTO,22659
2004,USA,76291431.94
2004,VGB,26423786
2004,AUS,137058.54
2004,NZL,11827
2004,ARG,2050
2004,BRA,17749
2004,COL,60052.72
2004,VEN,218879.13
2004,XXA,736798
2005,AGO,856340
2005,CIV,5000
2005,COG,14000
2005,EGY,148272
2005,GHA,12489
2005,MUS,10859
2005,RWA,5923
2005,SDN,5000
2005,SEN,161745.31
2005,SOM,6000
2005,SYC,1981
2005,ZAF,295850.47
2005,ARE,9715622.9
2005,BHR,18602
2005,CHN,9335542.52
2005,CYP,1168088.59
2005,GEO,26482182.79
2005,HKG,397678.82
2005,IND,542031.02
2005,IRN,24350893.65
2005,IRQ,24855
2005,ISR,105276786.9
2005,JOR,24943
2005,JPN,1272229.71
2005,KAZ,3057763.66
2005,KGZ,51283.38
2005,KOR,272541.36
2005,KWT,10625
2005,LBN,143888.7
2005,LKA,222940.38
2005,MAC,1035.65
2005,MYS,307722.86
2005,PAK,809273.92
2005,SAU,400027.55
2005,SGP,80868
2005,SYR,511002.74
2005,THA,570376.38
2005,TJK,3904
2005,TKM,773017
2005,TUR,1005016
2005,UZB,359560
2005,VNM,903148.35
2005,XXB,494269
2005,YEM,2516494.77
2005,ALB,1105
2005,AUT,3484061.45
2005,BGR,767738.34
2005,BLR,2573359.69
2005,BLX,126556927.6
2005,CHE,34516829.02
2005,CZE,7995676.16
2005,DEU,156506900.4
2005,DNK,20454.32
2005,ESP,24273440
2005,EST,94373.55
2005,FIN,5992752.03
2005,FRA,2623987.29
2005,GBR,809171.14
2005,GRC,733680.41
2005,HRV,38744
2005,HUN,1465388.37
2005,ITA,22644293.48
2005,LTU,199970.97
2005,LVA,1795634.6
2005,MDA,736213.18
2005,NLD,138150575.5
2005,NOR,8290
2005,POL,10670569.49
2005,ROU,243093.63
2005,RUS,116562819.5
2005,SRB,1100
2005,SVK,310372.15
2005,SVN,282955
2005,SWE,211077.82
2005,UKR,13841565.23
2005,BHS,416542
2005,BLZ,3959501
2005,CAN,2696104.45
2005,DOM,3730
2005,HND,2165987.35
2005,JAM,57072
2005,MEX,41222.83
2005,PAN,112016
2005,TTO,2504
2005,USA,64191415.35
2005,VGB,47288522
2005,AUS,106238.31
2005,FJI,37212
2005,NCL,1588
2005,NZL,6866
2005,ARG,1130
2005,BRA,11674.59
2005,COL,25324.64
2005,XXA,1251628
2006,BEN,1124
2006,COD,28000
2006,EGY,46176
2006,GHA,22356
2006,KEN,308182.5
2006,MAR,7000
2006,MLI,3378
2006,MOZ,24191.53
2006,NER,2526
2006,NGA,4535311.51
2006,SDN,41078
2006,SEN,106588.76
2006,ZAF,540578
2006,AFG,54273
2006,ARE,5110905
2006,BGD,3966
2006,CHN,8768572.26
2006,CYP,109475.16
2006,GEO,42998542.7
2006,HKG,337854.53
2006,IDN,12476.63
2006,IND,70760584.62
2006,IRN,18790771
2006,IRQ,411152
2006,ISR,101948304.1
2006,JOR,92000
2006,JPN,486628.89
2006,KAZ,5191923.03
2006,KGZ,157578.47
2006,KOR,4417429.61
2006,KWT,36642.48
2006,LBN,235586.65
2006,LKA,40193.06
2006,MAC,96813
2006,MYS,260236
2006,PAK,2372925.42
2006,PHL,338898.44
2006,SAU,13172
2006,SYR,255381.95
2006,THA,1267760.72
2006,TJK,242091
2006,TKM,1657787
2006,TUR,271597.32
2006,UZB,1101199
2006,VNM,321616.67
2006,XXB,81992
2006,YEM,64833784.05
2006,AUT,6111849.44
2006,BGR,16700601.86
2006,BIH,14534
2006,BLR,3984292.74
2006,BLX,112785047.8
2006,CHE,64300505.84
2006,CZE,4713955
2006,DEU,148357038.6
2006,DNK,34620.33
2006,ESP,38734712.54
2006,EST,1173032.11
2006,FIN,10156257.24
2006,FRA,3821156.81
2006,GBR,11658594.61
2006,GRC,591616.8
2006,HRV,228720
2006,IRL,113626
2006,ITA,27898295.13
2006,LTU,53319.85
2006,LVA,1365651.41
2006,MDA,839932.42
2006,MKD,22013.16
2006,MLT,11564.97
2006,NLD,129715906.2
2006,NOR,31687
2006,POL,12440130.99
2006,ROU,476001.94
2006,RUS,118657882.5
2006,SRB,3026971.47
2006,SVK,141813.51
2006,SVN,475664
2006,SWE,244228.8
2006,UKR,24293582.73
2006,AIA,4184
2006,BHS,2772996
2006,BLZ,12136091
2006,BRB,15680
2006,CAN,3585216.26
2006,CRI,10092.48
2006,CUB,15862.55
2006,DMA,43742
2006,HND,129638
2006,JAM,2384
2006,MEX,720823.74
2006,PAN,9885.93
2006,TTO,76942.87
2006,USA,67827061.6
2006,VGB,447983
2006,AUS,268246.32
2006,NZL,85877
2006,BRA,178696.35
2006,COL,91219.78
2006,ECU,4566
2006,PER,42072
2006,SUR,3000
2006,XXA,2194539
2007,EGY,64148
2007,GIN,17213.86
2007,MAR,335002.31
2007,MOZ,24376.93
2007,MUS,554451
2007,NER,2113
2007,NGA,7072
2007,SDN,515867.76
2007,SEN,30255.52
2007,SOM,30000
2007,ZAF,46701
2007,ZMB,1461
2007,AFG,21735
2007,ARE,7240584.31
2007,BHR,28071
2007,CHN,11725937.58
2007,CYP,467924.96
2007,GEO,70071267.22
2007,HKG,1038519.77
2007,IDN,63103.08
2007,IND,3269513.05
2007,IRN,27621630
2007,IRQ,15530
2007,ISR,25931510.95
2007,JOR,75943
2007,JPN,4761627.06
2007,KAZ,8960030.21
2007,KGZ,155470.84
2007,KHM,17108
2007,KOR,2634525.82
2007,KWT,5188
2007,LBN,41307.86
2007,LKA,152799.37
2007,MNG,20553.67
2007,MYS,447182.3
2007,PAK,2324997.47
2007,PHL,178700
2007,SAU,1079742
2007,SGP,5007
2007,SYR,292480.68
2007,THA,2448491.04
2007,TJK,60223
2007,TKM,2047461
2007,TUR,844140
2007,UZB,1480154
2007,VNM,917618.64
2007,XXB,99666
2007,YEM,194844020.6
2007,ALB,3759
2007,AUT,14758524.76
2007,BGR,44273911.89
2007,BIH,4336.38
2007,BLR,3372633.49
2007,BLX,104968613.7
2007,CHE,42445372.57
2007,CZE,4174779.54
2007,DEU,180934869.5
2007,DNK,117388.23
2007,ESP,25835457.46
2007,EST,487506.91
2007,FIN,8824806
2007,FRA,10678413.14
2007,GBR,3017859.53
2007,GRC,2849774.07
2007,HRV,320225.5
2007,HUN,778787.33
2007,IRL,69931.73
2007,ITA,28788747.39
2007,LTU,211640.89
2007,LVA,1258518.35
2007,MDA,2459239.73
2007,NLD,155561719.5
2007,NOR,3748
2007,POL,9245060.95
2007,ROU,743747.93
2007,RUS,200931635.7
2007,SRB,250969.41
2007,SVK,733121.71
2007,SVN,728273.01
2007,SWE,254096.75
2007,UKR,46769422.06
2007,BLZ,2078254
2007,BRB,1472
2007,CAN,6785209.08
2007,CRI,70707.64
2007,DMA,7800
2007,HND,2795933.77
2007,MEX,84411.5
2007,NIC,4648
2007,PAN,50395
2007,USA,51553976.08
2007,VCT,10143.93
2007,VGB,24494170
2007,AUS,1364971.56
2007,FJI,88726.28
2007,NZL,132206.87
2007,WSM,4488.54
2007,BRA,642088.06
2007,CHL,17263.34
2007,COL,327914.79
2007,ECU,6306
2007,URY,13914.54
2007,VEN,115589
2007,XXA,4638363
2008,BEN,1416
2008,CIV,36336.79
2008,CMR,10152.15
2008,COG,10432
2008,DZA,61405
2008,EGY,108478.34
2008,ETH,3971
2008,MLI,53679.4
2008,MOZ,152187.03
2008,MUS,179429
2008,MWI,1036
2008,NGA,17213
2008,RWA,60530
2008,SEN,225038.68
2008,TUN,7033
2008,TZA,77175
2008,UGA,25400
2008,ZAF,100144.19
2008,ARE,8255281.67
2008,CHN,10890934.91
2008,CYP,488583.94
2008,GEO,79851947.96
2008,HKG,768585.46
2008,IDN,24887
2008,IND,3503630.31
2008,IRN,22099747
2008,ISR,4974945.98
2008,JOR,50950
2008,JPN,578864.76
2008,KAZ,3654424.26
2008,KGZ,312360.18
2008,KOR,1159789.46
2008,KWT,95053.94
2008,LBN,164228.75
2008,LKA,115230
2008,MAC,33150
2008,MNG,16160
2008,MYS,139677
2008,PAK,179829.72
2008,PHL,469690
2008,SAU,280802.35
2008,SYR,65520
2008,THA,4732888.4
2008,TJK,23390
2008,TKM,4217013
2008,TUR,1848175
2008,UZB,3075372
2008,VNM,1459365.73
2008,XXB,2674
2008,YEM,58215735.2
2008,ALB,411053.65
2008,AUT,15207412.57
2008,BGR,59307217.91
2008,BIH,10169
2008,BLR,4524044.03
2008,BLX,92869378.01
2008,CHE,8321311.49
2008,CZE,4722661.72
2008,DEU,189417195.2
2008,DNK,108208.37
2008,ESP,27490480.49
2008,EST,749699.57
2008,FIN,323147.54
2008,FRA,15883605.57
2008,GBR,41409001.6
2008,GRC,394030.41
2008,HRV,308122.2
2008,HUN,214350.32
2008,IRL,24464
2008,ITA,26928504.27
2008,LTU,396517.03
2008,LVA,1133445.57
2008,MDA,1639931.59
2008,NLD,129841156.1
2008,NOR,36415
2008,POL,11608464.86
2008,ROU,251601.42
2008,RUS,216844674.8
2008,SRB,559676.42
2008,SVK,1257651.51
2008,SVN,472907.76
2008,SWE,778998.07
2008,UKR,23866021.89
2008,BLZ,2377619
2008,CAN,16741446.38
2008,CRI,47395.18
2008,DOM,100138
2008,MEX,336195.47
2008,PAN,946818
2008,USA,60572361.47
2008,VGB,5049
2008,AUS,1719460.19
2008,NZL,73918.99
2008,TON,674496.22
2008,BRA,192598.22
2008,CHL,9376537.75
2008,COL,22963
2008,VEN,203498.57
2008,XXA,6293975
2009,BDI,12448
2009,BEN,37272
2009,COD,28369
2009,EGY,768388.15
2009,GAB,216665
2009,GIN,10720
2009,GNQ,2552
2009,KEN,23945.36
2009,LBR,1970
2009,MOZ,135662.27
2009,MWI,120850
2009,SDN,29420
2009,SEN,114756.05
2009,SOM,12000
2009,TZA,42886.34
2009,ZAF,312476.47
2009,ARE,3891420
2009,BHR,16215
2009,CHN,18904096.72
2009,CYP,128314
2009,GEO,52830387.9
2009,HKG,193470.87
2009,IDN,87921.94
2009,IND,4729930.98
2009,IRN,13475141
2009,IRQ,144206
2009,ISR,427187.6
2009,JOR,30906.44
2009,JPN,1969927.7
2009,KAZ,2655529.99
2009,KGZ,194422
2009,KOR,6993336.45
2009,KWT,1366
2009,LBN,231800.19
2009,MAC,109595
2009,MNG,61695
2009,MYS,58675
2009,PAK,95641.1
2009,PHL,188672
2009,SAU,628771.22
2009,SGP,93887
2009,SYR,192126.7
2009,THA,3674262.99
2009,TJK,251542
2009,TKM,2742671
2009,TUR,1086190.46
2009,UZB,1598465
2009,VNM,2754341.94
2009,ALB,421707.39
2009,AUT,9549216.72
2009,BGR,50989282.91
2009,BIH,75889.19
2009,BLR,5349788.28
2009,BLX,6111207.17
2009,CHE,26352997.42
2009,CZE,1950259.3
2009,DEU,117452791.8
2009,DNK,74297.08
2009,ESP,13652799.59
2009,EST,228850.56
2009,FIN,89642.53
2009,FRA,10205506.71
2009,GBR,2190467.23
2009,GRC,211275.77
2009,HRV,627072.59
2009,HUN,386562.68
2009,IRL,8161
2009,ITA,9088853.56
2009,LTU,596333.91
2009,LVA,898605.19
2009,MDA,1306045.73
2009,MKD,5066.82
2009,MLT,2097.46
2009,MNE,143401
2009,NLD,51790539.16
2009,NOR,68147.17
2009,POL,2651870.86
2009,PRT,467267.53
2009,ROU,68766.1
2009,RUS,108962936.2
2009,SRB,469219.47
2009,SVK,548769.78
2009,SVN,303856.67
2009,SWE,1263695.69
2009,UKR,13209484.08
2009,BRB,16465
2009,CAN,58481048.29
2009,DOM,103528
2009,HND,19420
2009,MEX,59382.9
2009,PAN,1769899
2009,USA,65976944.15
2009,AUS,660427.61
2009,NZL,57436
2009,ARG,124201.86
2009,BRA,95505
2009,COL,843487.3
2009,URY,4234.32
2009,XXA,6739641
2010,BDI,24808.41
2010,BEN,54248
2010,CIV,59651.5
2010,EGY,331542.82
2010,ETH,4218
2010,GAB,582204
2010,GHA,6639
2010,KEN,107654.34
2010,MOZ,10213.26
2010,MRT,135806.71
2010,MWI,9344
2010,SDN,276801
2010,SEN,105662
2010,TZA,6600
2010,UGA,13792
2010,ZAF,161374.08
2010,ARE,6239795
2010,BHR,19617
2010,CHN,35011483.95
2010,CYP,656601.05
2010,GEO,50643588.3
2010,HKG,471862.61
2010,IDN,186662.2
2010,IND,8434426.78
2010,IRN,19087094.91
2010,IRQ,437379
2010,ISR,2046221.18
2010,JOR,11258
2010,JPN,3392964.68
2010,KAZ,3057507.24
2010,KGZ,2512007.2
2010,KOR,4744635.37
2010,LBN,91381.39
2010,LKA,23010
2010,MNG,19151
2010,MYS,158134.62
2010,PAK,410903.33
2010,QAT,215370
2010,SAU,92736
2010,SGP,79514
2010,SYR,151218.08
2010,THA,2846779.63
2010,TJK,212980
2010,TKM,8336466
2010,TUR,3024770.52
2010,UZB,1933662
2010,VNM,5682952.13
2010,XXB,46756
2010,AUT,6067171.55
2010,BGR,156568326.1
2010,BIH,141048.48
2010,BLR,5082102.51
2010,BLX,72236839.66
2010,CHE,19714432.68
2010,CZE,2276279.16
2010,DEU,139737790.7
2010,DNK,160888.69
2010,ESP,22400307.52
2010,EST,614321.1
2010,FIN,221674.53
2010,FRA,12402016.84
2010,GBR,432908.69
2010,GRC,153082.25
2010,HRV,1394821.73
2010,HUN,302590.22
2010,ISL,45000
2010,ITA,11031884.76
2010,LTU,853702.39
2010,LVA,1444457.62
2010,MDA,982809.59
2010,MNE,1556
2010,NLD,97850477.33
2010,NOR,314336.47
2010,POL,4082147.44
2010,ROU,299716.45
2010,RUS,164180346
2010,SRB,721688.38
2010,SVK,267265.7
2010,SVN,704156.09
2010,SWE,1125626.65
2010,UKR,13055306.87
2010,BLZ,4667331
2010,CAN,28667393.47
2010,DOM,20081
2010,MEX,92586
2010,PAN,2304292
2010,USA,84744559.15
2010,VGB,188760
2010,AUS,955885.97
2010,NZL,34212
2010,TON,8732.7
2010,ARG,1400
2010,BOL,3386.93
2010,BRA,895437.56
2010,CHL,1213
2010,COL,2946377.85
2010,PER,8377
2010,XXA,7653614
2011,CIV,7752
2011,CMR,78449.99
2011,EGY,288654
2011,GAB,773887
2011,GHA,271296
2011,GMB,3272.02
2011,KEN,33000
2011,LBY,38270
2011,MLI,19235.65
2011,MOZ,81370.82
2011,MRT,7389584.68
2011,RWA,3441
2011,SDN,13221.98
2011,SEN,417747.65
2011,SLE,3523
2011,TZA,519065.22
2011,UGA,5280
2011,ZAF,248838.87
2011,ZWE,20087.03
2011,AFG,105299.92
2011,ARE,9612596
2011,BGD,43141
2011,CHN,18699868.7
2011,CYP,1655734.15
2011,GEO,58921908.81
2011,HKG,2481103.33
2011,IDN,56923.61
2011,IND,4190531.28
2011,IRN,14582341.5
2011,IRQ,4850640
2011,ISR,1859071.96
2011,JOR,2115
2011,JPN,2228296.43
2011,KAZ,4542398.11
2011,KGZ,394362.61
2011,KOR,15568470.39
2011,LBN,285597.79
2011,LKA,7030
2011,MNG,10795
2011,MYS,43719.27
2011,PAK,271780.01
2011,PHL,1000
2011,PSE,16619.52
2011,QAT,157290
2011,SAU,407447
2011,SGP,235260.77
2011,SYR,12418
2011,THA,4156213.02
2011,TJK,624062
2011,TKM,4543896
2011,TUR,417853
2011,UZB,1620150
2011,VNM,102180
2011,XXB,29513
2011,YEM,115181340
2011,ALB,12900
2011,AUT,10464478.89
2011,BGR,584595.51
2011,BIH,139474.8
2011,BLR,5826781.8
2011,BLX,72899183.74
2011,CHE,37979213.44
2011,CZE,2061872.25
2011,DEU,179786997.1
2011,DNK,55716.05
2011,ESP,88550298.62
2011,EST,87631.4
2011,FIN,123095.87
2011,FRA,21933279.84
2011,GBR,437626.93
2011,GRC,157183.28
2011,HRV,1204704.48
2011,HUN,498238.3
2011,IRL,3073
2011,ITA,9734212.18
2011,LTU,1088025.13
2011,LVA,1080096.5
2011,MDA,487867.31
2011,MKD,1198
2011,MNE,66921.59
2011,NLD,116269634.6
2011,NOR,161137.25
2011,POL,1518494.19
2011,PRT,6225
2011,ROU,468629.6
2011,RUS,226485511.1
2011,SRB,5530543.23
2011,SVK,195828.56
2011,SVN,1239438.28
2011,SWE,1050492.5
2011,UKR,15747033.21
2011,BLZ,10828768
2011,BRB,5385
2011,CAN,129663147
2011,CRI,7683
2011,CUW,40892
2011,DOM,17478
2011,GTM,173309.95
2011,MEX,119909.97
2011,PAN,2350347
2011,USA,103129028
2011,VGB,47100
2011,AUS,1314103.65
2011,NZL,36796
2011,PNG,1348
2011,TON,1658.3
2011,ARG,502714.46
2011,BRA,168465.92
2011,CHL,69834.96
2011,COL,1323722.92
2011,ECU,5642
2011,GUY,62545
2011,PER,1295
2011,PRY,2379
2011,URY,9002.08
2011,VEN,35335.92
2011,XXA,11553088
2012,BDI,24124
2012,BEN,23695
2012,DZA,9234
2012,EGY,6445
2012,GAB,538045
2012,MAR,4812
2012,MLI,29457.83
2012,NGA,9415
2012,SEN,284965.97
2012,SLE,21266
2012,TZA,24312
2012,UGA,24537
2012,ZAF,200469.43
2012,ZMB,5841
2012,AFG,210600
2012,ARE,7563203
2012,BHR,58836
2012,CHN,36277582
2012,CYP,8155941.96
2012,GEO,72279283.53
2012,HKG,1418642.12
2012,IDN,169198.12
2012,IND,1957874.16
2012,IRN,13021180
2012,IRQ,15716403
2012,ISR,746179.98
2012,JPN,1682435.09
2012,KAZ,4196512.73
2012,KGZ,214227.44
2012,KOR,2067165.28
2012,LBN,276077.2
2012,MAC,9367
2012,MNG,100334
2012,MYS,35509.25
2012,PAK,24725.68
2012,PHL,57505
2012,SAU,83205
2012,SGP,14559169.68
2012,SYR,184318
2012,THA,4238078.54
2012,TJK,481436
2012,TKM,13452474
2012,TUR,402613.69
2012,UZB,1741206
2012,VNM,367791.61
2012,XXB,21681
2012,YEM,151675588.4
2012,AUT,2809358.72
2012,BGR,129291769.4
2012,BIH,89851.94
2012,BLR,6894413.04
2012,BLX,130315539.7
2012,CHE,78815602.5
2012,CZE,2342591.33
2012,DEU,159603893.1
2012,DNK,16542.39
2012,ESP,30822111.95
2012,EST,301450.63
2012,FIN,63804.98
2012,FRA,12469391.76
2012,GBR,1261609.54
2012,GRC,128334.85
2012,HRV,1280174.88
2012,HUN,884583.52
2012,IRL,34643.68
2012,ITA,9594083.81
2012,LTU,1720495.32
2012,LVA,2158933.65
2012,MDA,818192.42
2012,MKD,1571.91
2012,MLT,2565
2012,MNE,33159.15
2012,NLD,79566386.73
2012,NOR,143966.95
2012,POL,731937.92
2012,PRT,4392
2012,ROU,587436.05
2012,RUS,299680845.3
2012,SMR,1103
2012,SRB,102086.63
2012,SVK,538715.55
2012,SVN,706995.63
2012,SWE,9280278.8
2012,UKR,20887087.67
2012,BLZ,13883840
2012,BRB,5726.78
2012,CAN,157377276.8
2012,GTM,51770.94
2012,HND,2450
2012,MEX,5514977.78
2012,PAN,642462
2012,USA,90090678.14
2012,VGB,2021338
2012,AUS,294158.38
2012,NCL,1666
2012,NZL,34746.36
2012,PNG,36663
2012,ARG,471791.68
2012,BOL,49580.04
2012,BRA,16183
2012,CHL,166434.8
2012,COL,1048296.44
2012,PER,12516
2012,PRY,1002
2012,URY,3584
2012,VEN,160843
2012,XXA,14139942
2013,BEN,106133
2013,CIV,16640
2013,EGY,118929
2013,GAB,881441
2013,GHA,1695
2013,MAR,38003
2013,MOZ,548550
2013,MUS,2563
2013,NER,31355
2013,NGA,18042
2013,TZA,41072
2013,ZAF,64508.25
2013,AFG,783800
2013,ARE,7956148
2013,BHR,22140
2013,CHN,87996888.77
2013,CYP,14034.82
2013,GEO,180052894.4
2013,HKG,731118.19
2013,IDN,33131.44
2013,IND,778618.28
2013,IRN,10705380
2013,IRQ,47670815
2013,ISR,1137951.29
2013,JOR,188118
2013,JPN,3403719.98
2013,KAZ,7703362.21
2013,KGZ,1167945.26
2013,KOR,7125950.05
2013,KWT,207151.19
2013,LBN,392934.99
2013,LKA,29527
2013,MNG,61969
2013,MYS,108673.01
2013,PAK,219313.02
2013,PHL,75187
2013,QAT,327934.37
2013,SAU,136459
2013,SGP,2525649.62
2013,SYR,2922625
2013,THA,2507124.81
2013,TJK,1343674
2013,TKM,18272107
2013,TUR,751763
2013,UZB,2152962
2013,XXB,37220311
2013,YEM,30623
2013,ALB,1081
2013,AUT,3304929.27
2013,BGR,134774985
2013,BIH,5724
2013,BLR,8809007.4
2013,BLX,139855616
2013,CHE,31114543.96
2013,CZE,10342677.08
2013,DEU,88407845.39
2013,DNK,7106.97
2013,ESP,10390795.65
2013,EST,218544.03
2013,FIN,263524.17
2013,FRA,16622679.06
2013,GBR,18704936.48
2013,GRC,63378.74
2013,HRV,97748.31
2013,HUN,1304728.14
2013,IRL,18696
2013,ISL,2851
2013,ITA,25742186.86
2013,LTU,1576789.83
2013,LVA,2415367.46
2013,MDA,545451.76
2013,MKD,1057
2013,MNE,11077.42
2013,NLD,66646359.05
2013,NOR,210200
2013,POL,2648336.02
2013,PRT,524758
2013,ROU,104483.66
2013,RUS,336646661.6
2013,SRB,5728853
2013,SVK,213245.02
2013,SVN,2012317.65
2013,SWE,722090.93
2013,UKR,17120082.09
2013,ATG,10541
2013,BLZ,8718058.25
2013,CAN,158960265.3
2013,CRI,1008
2013,JAM,25704
2013,MEX,136010.85
2013,PAN,5750
2013,USA,92850230
2013,VGB,2092844
2013,AUS,599294.92
2013,NZL,55359
2013,BRA,669378.54
2013,CHL,77483.09
2013,COL,69691.52
2013,PER,8920
2013,XXA,9085463
2014,AGO,13447
2014,BEN,35474
2014,BFA,2402.46
2014,COD,1468000
2014,DZA,2235
2014,EGY,91695.94
2014,GAB,732458
2014,GIN,12925
2014,KEN,9110
2014,LBY,31672
2014,MAR,14146
2014,MOZ,13990.75
2014,SEN,466892.08
2014,TUN,1480
2014,UGA,6750
2014,ZAF,112327.1
2014,ZMB,12346
2014,AFG,251700
2014,ARE,11949512
2014,BHR,4204
2014,CHN,181180385.9
2014,CYP,169567.9
2014,GEO,89695900.96
2014,HKG,572233.65
2014,IDN,394639
2014,IND,2038120.66
2014,IRN,8433352
2014,IRQ,80564727
2014,ISR,1268827.69
2014,JOR,3425664.31
2014,JPN,9118164.21
2014,KAZ,7429499.48
2014,KGZ,312601
2014,KOR,3807989.44
2014,KWT,424427.13
2014,LBN,2069522.19
2014,MAC,23661
2014,MMR,17449
2014,MNG,79038.56
2014,MYS,91710.03
2014,OMN,43009
2014,PAK,119413.75
2014,PHL,7751.34
2014,QAT,684416.53
2014,SAU,198132
2014,SGP,2920708.44
2014,SYR,18482549
2014,THA,22269485.68
2014,TJK,622366
2014,TKM,13163657
2014,TUR,1619862.3
2014,UZB,2534105
2014,VNM,191734.12
2014,XXB,75438
2014,YEM,32925
2014,ALB,1233
2014,AND,211945
2014,AUT,2877018.85
2014,BGR,85914492.41
2014,BIH,13272.23
2014,BLR,9544522.04
2014,BLX,73259252.35
2014,CHE,10329519.75
2014,CZE,2226739.8
2014,DEU,160754033.3
2014,DNK,71711
2014,ESP,49574272.4
2014,EST,207031.77
2014,FIN,457032.9
2014,FRA,19331627.51
2014,GBR,1015520.14
2014,GRC,72626.72
2014,HRV,61301.67
2014,HUN,503271.92
2014,IRL,67345.99
2014,ISL,5224
2014,ITA,36055560.89
2014,LTU,2805367.12
2014,LVA,3579593.67
2014,MDA,515824.16
2014,MKD,12027.43
2014,MLT,16830.5
2014,MNE,4509
2014,NLD,75313929.96
2014,NOR,571314
2014,POL,7181548.71
2014,PRT,112168.75
2014,ROU,56951.71
2014,RUS,307090664.2
2014,SRB,13432856
2014,SVK,489623
2014,SVN,2295210.45
2014,SWE,755064.16
2014,UKR,12792924.94
2014,BLZ,6420746
2014,CAN,173992159.2
2014,DOM,69399
2014,MEX,80974.71
2014,USA,92533571.23
2014,VGB,687412
2014,AUS,343101.26
2014,NZL,58400.96
2014,BRA,548264.7
2014,COL,20180
2014,GUY,194972
2014,PER,36926.08
2014,PRY,1037
2014,URY,18065.6
2015,AGO,1631
2015,BDI,12757
2015,BEN,109109
2015,CMR,47265
2015,COD,5000
2015,DZA,250300
2015,EGY,119877
2015,GAB,374242
2015,LBY,205427
2015,NER,2699
2015,RWA,126387
2015,TUN,1884
2015,TZA,7450.21
2015,ZAF,96343
2015,AFG,219999.97
2015,ARE,11060680
2015,AZE,3243902
2015,BGD,18000
2015,BHR,4749
2015,CHN,172224891.3
2015,GEO,127664094
2015,HKG,9501646.22
2015,IND,13791359.59
2015,IRN,77935455
2015,IRQ,130688809
2015,ISR,4848836.59
2015,JOR,1998833.49
2015,JPN,13973690.08
2015,KAZ,5393564.46
2015,KGZ,349364.46
2015,KOR,3654302.84
2015,KWT,381379.89
2015,LBN,1542390
2015,LKA,85244
2015,MNG,94527.9
2015,MYS,3110612.88
2015,NPL,1000
2015,OMN,37734
2015,PAK,55088.2
2015,PHL,97552.02
2015,PSE,9380
2015,QAT,80575.69
2015,SAU,1690589.46
2015,SGP,4043859
2015,SYR,25432735
2015,THA,1280465.97
2015,TJK,386705
2015,TKM,17010790
2015,TUR,2366646.5
2015,UZB,2531359
2015,VNM,130957
2015,XXB,585402.35
2015,YEM,70003
2015,AUT,2814618.33
2015,BGR,66371612.73
2015,BIH,14239
2015,BLR,5987759.75
2015,BLX,63025756.28
2015,CHE,35994257.85
2015,CZE,2533686.65
2015,DEU,145548095.3
2015,DNK,184427
2015,ESP,2835571.61
2015,EST,256084.85
2015,FIN,567768.15
2015,FRA,12121912.81
2015,GBR,1791759.77
2015,GRC,537711.78
2015,HRV,92785.44
2015,HUN,985154.65
2015,IRL,65746.69
2015,ITA,48984802.83
2015,LTU,2431936.65
2015,LVA,2049842.44
2015,MDA,600881.75
2015,MLT,7910.81
2015,MNE,34501
2015,NLD,47407628.25
2015,NOR,464110
2015,POL,16851095.75
2015,PRT,32603.99
2015,ROU,37302503.23
2015,RUS,230386999
2015,SRB,932232.55
2015,SVK,869871.33
2015,SVN,1687624.54
2015,SWE,501421.61
2015,UKR,7523712.15
2015,BLZ,6484653
2015,CAN,211885335.8
2015,CRI,23723.88
2015,MEX,344088.51
2015,PAN,15907
2015,USA,58219940.76
2015,AUS,351132.92
2015,NZL,68662.89
2015,ARG,16109
2015,BOL,23685.6
2015,BRA,115977.04
2015,CHL,20623.28
2015,COL,21992
2015,ECU,6000
2015,PER,111864.8
2015,URY,1456
2016,BEN,45
2016,CIV,4
2016,CMR,16200
2016,COG,89544
2016,DZA,107565
2016,EGY,12839
2016,GAB,202222
2016,GMB,14401
2016,KEN,18469
2016,LBY,830837
2016,MWI,9300
2016,NAM,72265
2016,NGA,3
2016,RWA,31283
2016,SDN,158100
2016,TZA,3250
2016,UGA,248
2016,ZAF,40144
2016,ARE,68786974
2016,AZE,2445566
2016,CHN,99658052
2016,CYP,30112
2016,GEO,141168807
2016,HKG,57603783
2016,IND,1436654
2016,IRN,69642716
2016,IRQ,140529224
2016,ISR,3766355
2016,JOR,3178
2016,JPN,379048
2016,KAZ,5267415
2016,KGZ,1132148
2016,KOR,833611
2016,KWT,471345
2016,LBN,157207
2016,MDV,6205
2016,MNG,232
2016,MYS,110952
2016,NPL,194
2016,OMN,104478
2016,PAK,35681
2016,PHL,48945
2016,PSE,870
2016,QAT,8654
2016,SAU,2067292
2016,SGP,1496618
2016,SYR,27639752
2016,THA,2637373
2016,TJK,788748
2016,TKM,4796483
2016,TUR,525759
2016,UZB,1809609
2016,VNM,22389
2016,YEM,141531
2016,ALB,3137
2016,AUT,1303432
2016,BEL,41346285
2016,BGR,163439937
2016,BLR,13112166
2016,CHE,95043380
2016,CZE,2270846
2016,DEU,135133095
2016,DNK,312106
2016,ESP,132571
2016,EST,618838
2016,FIN,146626
2016,FRA,4118084
2016,GBR,1576615
2016,GRC,491482
2016,HRV,167319
2016,HUN,775775
2016,IRL,18777
2016,ITA,31512312
2016,LTU,2511755
2016,LUX,1083002
2016,LVA,1740762
2016,MDA,380103
2016,MKD,4
2016,MLT,32031
2016,NLD,55509991
2016,NOR,900
2016,POL,17309619
2016,PRT,1133
2016,ROU,22622883
2016,RUS,372986742
2016,SRB,1065
2016,SVK,213666
2016,SVN,34257
2016,SWE,147142
2016,UKR,8150894
2016,BLZ,1755903
2016,CAN,133121390
2016,MEX,101991
2016,NIC,5949
2016,TTO,10
2016,USA,39191229
2016,VGB,888593
2016,AUS,210442
2016,NZL,14908
2016,ARG,2810
2016,BRA,8792
