year,country_destination_id,import_val
2000,LBR,118445
2000,SYC,18950
2000,ZAF,351110
2000,ZWE,732961
2000,ARE,37812640.44
2000,CHN,2123342.82
2000,CYP,5882770.45
2000,GEO,18890817.34
2000,HKG,11792985.31
2000,IDN,708103.46
2000,IND,5840437.33
2000,IRN,71011823.46
2000,ISR,19006115.87
2000,JOR,13802.29
2000,JPN,4617113.17
2000,KAZ,4733125.85
2000,KGZ,12699
2000,KHM,5943
2000,KOR,1400962.56
2000,LBN,4343038.68
2000,LKA,79330
2000,MYS,242119.19
2000,NPL,7191
2000,OMN,135477.58
2000,SGP,578714.91
2000,SYR,266615.81
2000,THA,374679.92
2000,TKM,1017266.47
2000,TUR,32804814.03
2000,UZB,706427.94
2000,VNM,1568929.92
2000,XXB,833368.36
2000,AUT,3390768.78
2000,BGR,9483739.35
2000,BLR,780255.68
2000,BLX,92687513.6
2000,CHE,22369173.52
2000,CZE,8723405.17
2000,DEU,41478261.59
2000,DNK,1734070.47
2000,ESP,3335046.34
2000,EST,388194.61
2000,FIN,2165945.07
2000,FRA,19578897.92
2000,GBR,52519571.89
2000,GIB,1761358
2000,GRC,58654716.17
2000,HRV,61026.32
2000,HUN,2274419.1
2000,IRL,1382395.35
2000,ISL,27322.59
2000,ITA,31239330.52
2000,LTU,2787236
2000,LVA,1049984.38
2000,MDA,493524.74
2000,MKD,30048.54
2000,NLD,12933199.43
2000,NOR,106701.89
2000,POL,2005910.52
2000,PRT,352591.15
2000,ROU,300992.08
2000,RUS,112919232.7
2000,SVK,570827.59
2000,SVN,1135821.17
2000,SWE,6739689.21
2000,UKR,12846165.67
2000,YUG,177595.16
2000,ANT,545361.86
2000,BHS,46305.1
2000,BLZ,25000
2000,CAN,5372554.26
2000,CUB,46373
2000,MEX,10846
2000,PAN,19939492.34
2000,USA,109059983.8
2000,VGB,5051892.66
2000,AUS,1907980.48
2000,FJI,18480
2000,NZL,190649.27
2000,ARG,37130.07
2000,BRA,1520196
2000,CHL,280737
2000,URY,50416.42
2001,EGY,732742
2001,LBR,74455
2001,MAR,73120
2001,TZA,180422
2001,ZAF,309744.79
2001,ZMB,3748
2001,ARE,43737896.12
2001,CHN,3586622.85
2001,CYP,7868727.43
2001,GEO,14984828.9
2001,HKG,3824747.9
2001,IDN,244431.71
2001,IND,5773079.55
2001,IRN,79104661.94
2001,IRQ,55550
2001,ISR,27715770.07
2001,JPN,2961388.2
2001,KAZ,2160310.97
2001,KGZ,59830.04
2001,KOR,1834895.93
2001,LBN,5915096.94
2001,LKA,135971.44
2001,MYS,1332242.46
2001,OMN,149499.33
2001,PAK,739886.72
2001,SAU,1123
2001,SGP,535493.76
2001,SYR,3460114.42
2001,THA,700547.17
2001,TKM,729305.71
2001,TUR,28071143.55
2001,UZB,1179799.86
2001,VNM,456423
2001,XXB,345863.12
2001,AUT,5668943.64
2001,BGR,7144925.09
2001,BLR,1298246.82
2001,BLX,51472011.25
2001,CHE,25523680.77
2001,CZE,3718428.41
2001,DEU,39536337.27
2001,DNK,1597505.91
2001,ESP,7133307.56
2001,EST,356848.24
2001,FIN,1927468.93
2001,FRA,14499404.21
2001,GBR,88697758.43
2001,GIB,57075
2001,GRC,17099422.56
2001,HRV,377758.71
2001,HUN,1966535.82
2001,IRL,407796.61
2001,ISL,94629.95
2001,ITA,33278870.22
2001,LTU,4650073.16
2001,LVA,691146.86
2001,MDA,530594.19
2001,MKD,113564.99
2001,NLD,7877977.87
2001,NOR,136741.18
2001,POL,2832611.91
2001,PRT,457965.63
2001,ROU,1560505.92
2001,RUS,94587772.34
2001,SVK,1011819.72
2001,SVN,879017.46
2001,SWE,13305498.93
2001,UKR,23874383.79
2001,YUG,652457.78
2001,BHS,659343.84
2001,CAN,6751728.03
2001,CUB,1705632.39
2001,DMA,131350.09
2001,DOM,235498.03
2001,MEX,22617
2001,PAN,18799012.61
2001,USA,85145392.12
2001,VGB,14971541.36
2001,AUS,2729639.9
2001,WSM,6796
2001,ARG,49048.42
2001,BRA,2450055.8
2001,CHL,55382
2001,URY,19175.59
2002,EGY,156311.49
2002,GHA,84678.34
2002,TZA,328626
2002,ZAF,2424033.96
2002,ZWE,271004.35
2002,ARE,40450629.75
2002,CHN,8137758.81
2002,CYP,2374887.75
2002,GEO,24371404.04
2002,HKG,2416709.7
2002,IDN,4550790.89
2002,IND,3912707.73
2002,IRN,63430111.54
2002,ISR,82936467.9
2002,JOR,9106
2002,JPN,744771.36
2002,KAZ,2734756.87
2002,KGZ,62127.63
2002,KOR,3130707.69
2002,LBN,1789379.06
2002,LKA,485010.05
2002,MYS,723807.95
2002,NPL,3014
2002,OMN,69617
2002,PAK,120845
2002,PHL,3682
2002,QAT,5552
2002,SGP,1363682.36
2002,SYR,335370.17
2002,THA,777835.92
2002,TKM,23409826.07
2002,TUR,33142848.88
2002,UZB,1180826.05
2002,VNM,3739795.1
2002,XXB,531466.32
2002,ALB,1457.91
2002,AND,11400.09
2002,AUT,4965614.32
2002,BGR,37189049.48
2002,BLR,3135158.55
2002,BLX,104563134.2
2002,CHE,11524605.31
2002,CZE,3767686.84
2002,DEU,42445866.4
2002,DNK,1654059.68
2002,ESP,3670814.7
2002,EST,252336.59
2002,FIN,2859123.7
2002,FRA,17915306.43
2002,GBR,28798728.23
2002,GIB,226216
2002,GRC,15738307.55
2002,HRV,195556.37
2002,HUN,2098987.49
2002,IRL,416124.53
2002,ISL,14977
2002,ITA,41067184.22
2002,LTU,4546987.71
2002,LVA,595337.56
2002,MDA,958849.97
2002,MKD,235771.43
2002,MLT,28974
2002,NLD,10946964.88
2002,NOR,504044.66
2002,POL,2842970.47
2002,PRT,790864.29
2002,ROU,6698208.24
2002,RUS,177983327.9
2002,SVK,3523604.44
2002,SVN,895563.77
2002,SWE,1370022.3
2002,UKR,41256972.27
2002,YUG,344516.07
2002,CAN,3113294.92
2002,CRI,1018328.54
2002,DMA,42981.36
2002,DOM,179286.01
2002,GTM,9102.67
2002,PAN,3113294.38
2002,USA,122816055.3
2002,VGB,1421443.26
2002,AUS,1439824.03
2002,FJI,763005
2002,MHL,8987
2002,NZL,54655.83
2002,WSM,2223
2002,ARG,894341.61
2002,BRA,14056482.33
2002,CHL,9962.18
2002,COL,27381.39
2002,ECU,654839.5
2002,URY,37760.52
2002,VEN,16229.04
2002,XXA,557950.08
2003,DZA,3696936
2003,EGY,163631.57
2003,ERI,15217
2003,GHA,166830.07
2003,KEN,100207
2003,LBR,587435.44
2003,MAR,48455.34
2003,SYC,98246
2003,ZAF,1066541.32
2003,ARE,56191122.34
2003,CHN,10111502.61
2003,CYP,14406622.76
2003,GEO,26968326.14
2003,HKG,2897519.37
2003,IDN,438000.85
2003,IND,6071632.55
2003,IRN,72052690.46
2003,IRQ,54550
2003,ISR,123827110.5
2003,JOR,8663
2003,JPN,11267815.11
2003,KAZ,6111374.3
2003,KGZ,8072
2003,KOR,3657137.93
2003,KWT,9043
2003,LBN,6253594.25
2003,LKA,322963.51
2003,MNG,9199
2003,MYS,884887.8
2003,NPL,2150.48
2003,PAK,146929.57
2003,PRK,54196.76
2003,SAU,22992.33
2003,SGP,1147881.97
2003,SYR,873610.31
2003,THA,393605.86
2003,TKM,48366.99
2003,TUR,31177247.01
2003,UZB,1320165.22
2003,VNM,1498983.47
2003,XXB,474271.65
2003,AND,20997.41
2003,AUT,5836571.81
2003,BGR,13469976.38
2003,BIH,207956
2003,BLR,7709986.1
2003,BLX,158752268.2
2003,CHE,44515244.09
2003,CZE,3988136.85
2003,DEU,77153347.18
2003,DNK,2250863.46
2003,ESP,6923270.33
2003,EST,453510.19
2003,FIN,2676398.48
2003,FRA,17589466.52
2003,GBR,56560485.29
2003,GIB,89323
2003,GRC,33127887.12
2003,HRV,321154.68
2003,HUN,3241274.01
2003,IRL,1229605.18
2003,ISL,183330.27
2003,ITA,50313081.06
2003,LTU,1330731.16
2003,LVA,1234605.74
2003,MDA,2525393.49
2003,MKD,173365.55
2003,MLT,118630.62
2003,NLD,11797064.14
2003,NOR,15838.92
2003,POL,3634075.2
2003,PRT,883431.14
2003,ROU,413994.31
2003,RUS,204043858.5
2003,SVK,3689715.06
2003,SVN,958270.05
2003,SWE,3505119.43
2003,UKR,49369632.01
2003,YUG,199449
2003,BHS,8234.78
2003,BLZ,7745
2003,CAN,3823698.46
2003,CRI,5597.21
2003,CUB,1212628.81
2003,DMA,58397.39
2003,DOM,3150038.09
2003,MEX,81563
2003,PAN,12042258.79
2003,USA,152218980
2003,VGB,6156393.98
2003,AUS,2411919.56
2003,FJI,356618
2003,NZL,86623
2003,PYF,5119
2003,ARG,436632.25
2003,BRA,5968042.96
2003,PER,35239.88
2003,URY,87442.63
2003,VEN,27290.95
2003,XXA,3529050.2
2004,DZA,7600
2004,EGY,313763.23
2004,GHA,207188.4
2004,GIN,137895
2004,KEN,14230
2004,LBR,522182.38
2004,MAR,55403
2004,SEN,2069
2004,SOM,2786
2004,SYC,43815
2004,TUN,17070
2004,ZAF,1686355.74
2004,ZWE,123397
2004,ARE,57942013.77
2004,BGD,6890
2004,BHR,7306
2004,CHN,18815593.39
2004,CYP,18170361.64
2004,GEO,47031283.74
2004,HKG,1661191.6
2004,IDN,743720.73
2004,IND,9084983.52
2004,IRN,97510934.55
2004,IRQ,63653
2004,ISR,100518951.5
2004,JOR,3980.05
2004,JPN,1856922.86
2004,KAZ,13600608.46
2004,KGZ,4736.09
2004,KOR,3242896.46
2004,KWT,23999
2004,LBN,9211659.83
2004,LKA,342599.43
2004,MYS,1501121.16
2004,PAK,815986
2004,PHL,11669.4
2004,SAU,82920
2004,SGP,1057538.54
2004,SYR,943340.23
2004,THA,640977.01
2004,TKM,99072.72
2004,TUR,36937342.17
2004,UZB,1278806.47
2004,VNM,911042.67
2004,XXB,1679004.49
2004,YEM,16786
2004,AND,17738.69
2004,AUT,8657931.69
2004,BGR,13499821.53
2004,BIH,195999
2004,BLR,9244449.5
2004,BLX,155034461.5
2004,CHE,44676221.13
2004,CZE,5917579.06
2004,DEU,65003152.35
2004,DNK,2161658.51
2004,ESP,6514611.45
2004,EST,628733.48
2004,FIN,4168326.25
2004,FRA,21512555.43
2004,GBR,95646499.6
2004,GIB,152461.71
2004,GRC,33598635.44
2004,HRV,245214.7
2004,HUN,4695435.08
2004,IRL,1170842.51
2004,ISL,373571.13
2004,ITA,51318118.04
2004,LTU,1068692.85
2004,LVA,2000502.9
2004,MDA,2700214.35
2004,MKD,342030.09
2004,MLT,142057.22
2004,NLD,11355578.48
2004,NOR,259347.58
2004,POL,5914547.51
2004,PRT,1189855.6
2004,ROU,2265906.43
2004,RUS,189623168.7
2004,SVK,4195331.03
2004,SVN,1221886.92
2004,SWE,3642862.87
2004,UKR,69792413.43
2004,YUG,657173.28
2004,BHS,601143.33
2004,CAN,4166570.87
2004,CUB,1815647.12
2004,DMA,2185250.71
2004,DOM,2036694.9
2004,MEX,162031
2004,PAN,50534022.56
2004,USA,103520769.1
2004,VGB,9035767.67
2004,AUS,3464231.24
2004,NZL,478135.26
2004,ARG,2221176.44
2004,BRA,9543840.67
2004,PRY,142705.57
2004,URY,2006308.17
2004,XXA,973427.25
2005,EGY,185382.37
2005,ETH,4457
2005,GHA,234024.37
2005,KEN,32110
2005,LBR,8629
2005,MWI,94526
2005,SEN,14635
2005,STP,7865
2005,SYC,8249
2005,TZA,8282.79
2005,UGA,32909
2005,ZAF,1122548.18
2005,ZMB,8256.55
2005,ARE,87935563.19
2005,CHN,35938365.55
2005,CYP,10511724.51
2005,GEO,44449602.13
2005,HKG,1886584.46
2005,IDN,964647.72
2005,IND,12097011.76
2005,IRN,125488560.1
2005,ISR,102618733.4
2005,JOR,340224.14
2005,JPN,3033976.23
2005,KAZ,43297048.01
2005,KGZ,958339.92
2005,KOR,5933792.32
2005,LBN,10578384.35
2005,LKA,554315.48
2005,MYS,1325474.14
2005,NPL,2351.73
2005,OMN,41823
2005,PAK,664557.26
2005,QAT,5467
2005,SAU,433815
2005,SGP,1285182.04
2005,SYR,2175922.13
2005,THA,896868.98
2005,TKM,1075611.07
2005,TUR,52429633.35
2005,UZB,1336443.38
2005,VNM,1481832.54
2005,XXB,988245
2005,AND,15451
2005,AUT,8718060.11
2005,BGR,14699122.99
2005,BIH,394693
2005,BLR,13371385.33
2005,BLX,185702543.8
2005,CHE,84957944.52
2005,CZE,10344197.29
2005,DEU,127382241.4
2005,DNK,3905500.12
2005,ESP,9211255.8
2005,EST,1091683.64
2005,FIN,5585769.94
2005,FRA,52605807.25
2005,GBR,80842099.51
2005,GIB,510534.76
2005,GRC,41463630.28
2005,HRV,409591.68
2005,HUN,6622228.01
2005,IRL,1100569.06
2005,ISL,198838.29
2005,ITA,66483568.04
2005,LTU,2197633.5
2005,LVA,1879509.57
2005,MDA,2414077.32
2005,MKD,194551.89
2005,MLT,214909.12
2005,NLD,13588135.16
2005,NOR,167511.87
2005,POL,6362360.45
2005,PRT,442378.57
2005,ROU,5053309.66
2005,RUS,268264380
2005,SRB,920494
2005,SVK,4922752.93
2005,SVN,2971360.19
2005,SWE,2371532.36
2005,UKR,96122797.73
2005,YUG,390651.44
2005,BHS,2121523.8
2005,BLZ,115785
2005,CAN,5673319.85
2005,CUB,2190839.66
2005,CYM,72533.57
2005,DMA,2551814.25
2005,DOM,227586.28
2005,KNA,175323
2005,MEX,68262
2005,PAN,65696915.5
2005,SLV,8278
2005,USA,108096284.4
2005,VGB,38534758.72
2005,AUS,9533037.35
2005,NZL,6000762.78
2005,ARG,2322596.72
2005,BRA,7412251.55
2005,CHL,91939.16
2005,COL,15812
2005,ECU,288052.73
2005,PER,33594
2005,PRY,336401.82
2005,URY,2020933.47
2005,VEN,2855.66
2005,XXA,930133.46
2006,CIV,1558210.6
2006,CMR,58066.35
2006,EGY,2735580.3
2006,ERI,1707
2006,ETH,233021.95
2006,GHA,1497194.67
2006,GIN,36706
2006,KEN,41015.36
2006,MAR,49507.33
2006,MWI,236488.56
2006,SEN,81788
2006,SLE,48432
2006,SYC,78264
2006,TGO,1155.57
2006,TUN,68691
2006,TZA,48008.64
2006,UGA,3765.06
2006,ZAF,3561542.65
2006,ARE,18574751.02
2006,BGD,78613
2006,CHN,113820886.3
2006,CYP,911723.34
2006,GEO,78953643.74
2006,HKG,1895654.57
2006,IDN,14107690.74
2006,IND,23352877.21
2006,IRN,141365816.7
2006,ISR,87607786.54
2006,JOR,79668.88
2006,JPN,18334658.89
2006,KAZ,15137952.67
2006,KGZ,16509.55
2006,KHM,64187
2006,KOR,21631817.65
2006,KWT,50130.87
2006,LBN,6473358.39
2006,LKA,716390.59
2006,MNG,2500
2006,MYS,8847310.16
2006,NPL,16214.96
2006,OMN,96796.11
2006,PAK,3473963.35
2006,PHL,422992.42
2006,QAT,58279.06
2006,SAU,933513.21
2006,SGP,1968723.39
2006,SYR,5171763.21
2006,THA,6076968.11
2006,TKM,153423236
2006,TUR,92380195.03
2006,UZB,1814070.62
2006,VNM,4618041.09
2006,XXB,4040691.55
2006,AUT,58420166.96
2006,BGR,35632843.09
2006,BIH,1471
2006,BLR,20156453.95
2006,BLX,114505972.7
2006,CHE,22174143.92
2006,CZE,11299558.16
2006,DEU,105586258.8
2006,DNK,3289899.11
2006,ESP,13535444.29
2006,EST,2393896.58
2006,FIN,5984543.69
2006,FRA,72625792.78
2006,GBR,25448418.11
2006,GIB,55399
2006,GRC,52524882.06
2006,HRV,328434.06
2006,HUN,8139741.13
2006,IRL,2376849.95
2006,ISL,442150.19
2006,ITA,105902815.1
2006,LTU,1441725
2006,LVA,1460856.85
2006,MDA,2758238.31
2006,MKD,175045.88
2006,NLD,15881496.51
2006,NOR,566884.81
2006,POL,11283369.23
2006,PRT,696373.38
2006,ROU,74974566.17
2006,RUS,322566588.1
2006,SRB,783245.88
2006,SVK,5519464.86
2006,SVN,4240151.32
2006,SWE,6213573.48
2006,UKR,149707856.3
2006,AIA,7723.45
2006,BHS,6014.14
2006,BLZ,11868.21
2006,CAN,11305395.18
2006,CRI,764881.5
2006,CUB,230405.46
2006,DMA,75074
2006,DOM,27878.87
2006,GTM,28965.13
2006,HND,12796.51
2006,MEX,807734.56
2006,NIC,5083.54
2006,PAN,92804
2006,SLV,72326.24
2006,TTO,79794
2006,USA,106167963.4
2006,VGB,17389.18
2006,AUS,1971167.79
2006,NZL,1767144.16
2006,PNG,5503.6
2006,ARG,3966835.72
2006,BRA,17247849.58
2006,CHL,525179.96
2006,COL,135773.4
2006,ECU,3349857.61
2006,PER,30202.14
2006,URY,101932
2006,XXA,497265.12
2007,BDI,5675.9
2007,CIV,2913949.28
2007,CMR,223275.8
2007,COG,15170.9
2007,DZA,204020.1
2007,EGY,4675679.57
2007,ERI,3420
2007,ETH,338951.41
2007,GHA,2328552.12
2007,KEN,37230.31
2007,MAR,61273.27
2007,MDG,49431.4
2007,MRT,24154.27
2007,MUS,2764.01
2007,MWI,212121.98
2007,NGA,63570
2007,RWA,1255
2007,SEN,31683
2007,SOM,21380.38
2007,TGO,1757.54
2007,TUN,132629
2007,TZA,119996.66
2007,UGA,35235.66
2007,ZAF,5830647.51
2007,ARE,89795258.53
2007,BGD,98225
2007,BHR,457472.86
2007,CHN,188018480.7
2007,CYP,4595783.02
2007,GEO,103460881.4
2007,HKG,2855768.75
2007,IDN,16430334.54
2007,IND,22569171.36
2007,IRN,125369891.2
2007,IRQ,1629.38
2007,ISR,34267211.06
2007,JOR,95892.66
2007,JPN,47367636.2
2007,KAZ,214444150.7
2007,KGZ,2859
2007,KHM,109046
2007,KOR,56669676.54
2007,KWT,321201.19
2007,LBN,11299623.89
2007,LKA,4542361.22
2007,MAC,1051
2007,MNG,16969
2007,MYS,9143129.81
2007,NPL,12615.13
2007,OMN,79656.39
2007,PAK,5345060.23
2007,PHL,1012848.23
2007,PRK,48930
2007,QAT,66054.82
2007,SAU,1830513.91
2007,SGP,4378661.35
2007,SYR,2058046.38
2007,THA,11418277.62
2007,TJK,236020
2007,TKM,9101811.81
2007,TUR,128568192.9
2007,UZB,10417597.7
2007,VNM,10717466.24
2007,XXB,4028753.54
2007,YEM,3439712
2007,AND,33109
2007,AUT,125840667.7
2007,BGR,69091662.42
2007,BIH,11881
2007,BLR,21121369.39
2007,BLX,135664476.1
2007,CHE,23149700.56
2007,CZE,18818728.81
2007,DEU,129603541.8
2007,DNK,5024650.4
2007,ESP,25344386.53
2007,EST,1937875.17
2007,FIN,10913167.8
2007,FRA,148348908.1
2007,GBR,37374005.01
2007,GIB,242349
2007,GRC,41503431.17
2007,HRV,948237.93
2007,HUN,22894086.23
2007,IRL,4393549.24
2007,ISL,8085
2007,ITA,126656682.8
2007,LTU,1804358.1
2007,LVA,2410473.96
2007,MDA,1885220.03
2007,MKD,202329.93
2007,NLD,28068533.03
2007,NOR,1155265.99
2007,POL,17619074.98
2007,PRT,2248890.21
2007,ROU,58160676.29
2007,RUS,531487098.4
2007,SRB,741211.9
2007,SVK,9534528.44
2007,SVN,6988346.66
2007,SWE,28279743.75
2007,UKR,230715920.8
2007,BHS,23157.49
2007,BLZ,256000
2007,BRB,4562066.57
2007,CAN,11639795.32
2007,CRI,563178.27
2007,CUB,66369.5
2007,DMA,51189
2007,DOM,27296.49
2007,GTM,55356.98
2007,HND,35968.49
2007,HTI,2219.26
2007,JAM,1141.1
2007,MEX,1204029.3
2007,NIC,65621.19
2007,PAN,1593344.27
2007,SLV,165879.67
2007,USA,135748734.9
2007,VGB,733374.05
2007,AUS,7686509.6
2007,FJI,88502
2007,NZL,2982818.19
2007,PNG,2929.25
2007,ARG,7058267.1
2007,BRA,26001475.21
2007,CHL,953649.17
2007,COL,1117588.71
2007,ECU,9203341.36
2007,FLK,4760
2007,PER,118272.41
2007,PRY,245294.86
2007,SUR,6999.64
2007,XXA,1612036
2008,AGO,8700
2008,CIV,2377892.26
2008,CMR,164342.7
2008,COD,37378.29
2008,COM,2932
2008,EGY,9081469.28
2008,ETH,588207.25
2008,GAB,1804
2008,GHA,3057708.3
2008,GNB,2332.91
2008,KEN,134080.75
2008,LBY,10500
2008,MAR,224787.89
2008,MDG,26096
2008,MRT,184639.83
2008,MWI,714512
2008,NER,2860
2008,NGA,2543.94
2008,RWA,136749
2008,SDN,3750
2008,SEN,6347.43
2008,SYC,124731
2008,TUN,223014
2008,TZA,61503.09
2008,UGA,345386.14
2008,ZAF,8504334.23
2008,ZMB,255473
2008,ARE,69413639.29
2008,BGD,270842
2008,BHR,659842.35
2008,CHN,363627670.2
2008,CYP,1749951.58
2008,GEO,120629687.1
2008,HKG,10123222.73
2008,IDN,34523862.64
2008,IND,48929645.53
2008,IRN,190993220.1
2008,IRQ,43473.74
2008,ISR,27633616.63
2008,JOR,248238.98
2008,JPN,77716709.22
2008,KAZ,17139793.71
2008,KGZ,45609.77
2008,KHM,169168
2008,KOR,80113607.41
2008,KWT,618424.55
2008,LAO,8995.38
2008,LBN,8879214.17
2008,LKA,9972078.25
2008,MMR,1522
2008,MNG,48099
2008,MYS,14000899.71
2008,NPL,1017
2008,OMN,774287.42
2008,PAK,3684044.89
2008,PHL,1875557.4
2008,PRK,46222
2008,QAT,419347.15
2008,SAU,2387495.26
2008,SGP,4429907.1
2008,SYR,6084145.63
2008,THA,21357788.75
2008,TJK,27201
2008,TKM,34855569.7
2008,TUR,263027759.6
2008,UZB,10528264.15
2008,VNM,11153449.31
2008,XXB,9064100.68
2008,YEM,77363
2008,ALB,278788.6
2008,AND,38075
2008,AUT,287036549.4
2008,BGR,94536145.53
2008,BIH,11293
2008,BLR,29169333.83
2008,BLX,68383585.28
2008,CHE,34815010.7
2008,CZE,32434388.95
2008,DEU,158490158.3
2008,DNK,8595023.64
2008,ESP,37754600.01
2008,EST,1483734.21
2008,FIN,15622316.42
2008,FRA,170123562.9
2008,GBR,34953817.16
2008,GRC,38156159.35
2008,HRV,1736542.13
2008,HUN,31007553.95
2008,IRL,5587423.45
2008,ISL,134853.6
2008,ITA,169054667.3
2008,LTU,1783731.72
2008,LVA,11100970.23
2008,MDA,3688255.77
2008,MKD,469038.88
2008,MLT,64500
2008,NLD,31069964.27
2008,NOR,1327085.79
2008,POL,33470286.25
2008,PRT,3710499.88
2008,ROU,81725605.97
2008,RUS,775483198.4
2008,SMR,15107
2008,SRB,1085769.01
2008,SVK,11916970.12
2008,SVN,10679291.82
2008,SWE,40061967.47
2008,UKR,282204029.7
2008,AIA,32314.17
2008,BHS,45917.63
2008,BLZ,220600
2008,BRB,3140189.73
2008,CAN,28798696.66
2008,CRI,423737.73
2008,CUB,148362.72
2008,DMA,73812
2008,DOM,90274.27
2008,GRD,2310
2008,GTM,29924.42
2008,HND,158441.83
2008,JAM,3347.53
2008,MEX,2772643.77
2008,NIC,54824.29
2008,PAN,226510
2008,SLV,155069.93
2008,TTO,15000
2008,USA,173552477.1
2008,VGB,73081
2008,AUS,6163610.11
2008,NZL,7977602.09
2008,PNG,161183.98
2008,ARG,3707380.54
2008,BRA,46617414.61
2008,CHL,885675.78
2008,COL,1331398.29
2008,ECU,9612065.9
2008,FLK,2479.4
2008,GUY,252299.28
2008,PER,49812.8
2008,PRY,141477
2008,URY,38557.95
2008,XXA,662953.61
2009,CIV,1670048.83
2009,CMR,55574.93
2009,COD,7825
2009,EGY,7579147.13
2009,ETH,518134.63
2009,GHA,1775680.44
2009,KEN,1567700.86
2009,MAR,143066
2009,MDG,4009
2009,MRT,298551.87
2009,MUS,20531
2009,MWI,372673.47
2009,NER,2083.7
2009,NGA,218638
2009,SDN,8759
2009,SLE,3261.97
2009,TUN,247107
2009,TZA,22117.95
2009,UGA,96593.85
2009,ZAF,3387553.09
2009,ZMB,6483
2009,ZWE,7255.44
2009,AFG,2713.45
2009,ARE,30046329.11
2009,BGD,685258.19
2009,BHR,121462.4
2009,CHN,283000381.5
2009,CYP,1777493.48
2009,GEO,79497849.12
2009,HKG,3993078.07
2009,IDN,23897985.2
2009,IND,43807634.62
2009,IRN,126442153.6
2009,ISR,9815585.43
2009,JOR,165680.57
2009,JPN,52621538.44
2009,KAZ,3245746.85
2009,KGZ,378628.64
2009,KHM,153225
2009,KOR,101574129.5
2009,KWT,77682.25
2009,LAO,1393
2009,LBN,5486972.86
2009,LKA,4601521.64
2009,MMR,10202.11
2009,MYS,10485854.11
2009,NPL,8737.42
2009,OMN,23108.28
2009,PAK,2643321.48
2009,PHL,1738990
2009,PRK,66476.82
2009,QAT,897154.16
2009,SAU,2935761.66
2009,SGP,3803931.02
2009,SYR,3142788.99
2009,THA,14135011.49
2009,TKM,13547171.74
2009,TUR,174933399.7
2009,UZB,3190684.22
2009,VNM,8773195.43
2009,XXB,8131974.08
2009,ALB,301756.7
2009,AND,39772
2009,AUT,104405043.3
2009,BGR,70671246.09
2009,BIH,15802
2009,BLR,23682256.58
2009,BLX,68733656.86
2009,CHE,107424886.4
2009,CZE,21100443.16
2009,DEU,199551247.3
2009,DNK,8544775.53
2009,ESP,20185598.61
2009,EST,3197041.69
2009,FIN,31292878.88
2009,FRA,73878190.68
2009,GBR,27005153.24
2009,GRC,29991908.73
2009,HRV,1306216.96
2009,HUN,16069221.51
2009,IRL,3055298.34
2009,ISL,9417.11
2009,ITA,120375485.5
2009,LTU,2129145.15
2009,LVA,2326887.47
2009,MDA,2036056.04
2009,MKD,305194.03
2009,MLT,60004
2009,MNE,1733011
2009,NLD,47938696.09
2009,NOR,1070525.73
2009,POL,34292459.46
2009,PRT,2002118.47
2009,ROU,59810434.48
2009,RUS,691516460.4
2009,SMR,5930
2009,SRB,882957.25
2009,SVK,6357470.43
2009,SVN,11335863.09
2009,SWE,25354617.21
2009,UKR,183263264.7
2009,BHS,63699.67
2009,BLZ,30200
2009,CAN,17974600.41
2009,CRI,479305.86
2009,CUB,51656.01
2009,DMA,8031
2009,DOM,67374
2009,GTM,293200.15
2009,HND,115149.09
2009,MEX,2664962.59
2009,MSR,6255
2009,NIC,73243.75
2009,PAN,74350.85
2009,SLV,113014.25
2009,TTO,4314.77
2009,USA,109743833.9
2009,VGB,63051
2009,AUS,3378758.04
2009,FJI,25892
2009,NZL,9173808.76
2009,PNG,12081.38
2009,ARG,4088648.54
2009,BOL,7496.96
2009,BRA,49025616.58
2009,CHL,446477.52
2009,COL,2046204.55
2009,ECU,9822859.32
2009,PER,26395.76
2009,PRY,125603.21
2009,URY,134589.23
2009,XXA,733925.98
2010,BEN,3493
2010,CAF,5064.15
2010,CIV,1366896.3
2010,CMR,156184.23
2010,EGY,10487041.62
2010,ETH,368802.76
2010,GAB,26850.25
2010,GHA,919150.71
2010,GMB,4073
2010,KEN,3807616.19
2010,MAR,692184.2
2010,MDG,34325.99
2010,MLI,2282
2010,MRT,168246.95
2010,MUS,30442
2010,MWI,851835.05
2010,NGA,195191.28
2010,SDN,1094
2010,SLE,2897.68
2010,TUN,359964.77
2010,TZA,50849.64
2010,UGA,1923891.36
2010,ZAF,5199670.66
2010,ZMB,6296
2010,ZWE,1267.77
2010,AFG,10532.16
2010,ARE,35999789.62
2010,BGD,578320
2010,BHR,241834.44
2010,CHN,388694465.7
2010,CYP,1659696.06
2010,GEO,148162870.5
2010,HKG,4327092.94
2010,IDN,26654754.03
2010,IND,45334427.29
2010,IRN,227888501.2
2010,IRQ,81425.31
2010,ISR,12382325.52
2010,JOR,107084.54
2010,JPN,52792086.08
2010,KAZ,13185392.49
2010,KGZ,2263546.1
2010,KHM,122454
2010,KOR,67604390.45
2010,KWT,114001.23
2010,LAO,3738
2010,LBN,5209676.24
2010,LKA,1636517.89
2010,MMR,89440.86
2010,MNG,4250
2010,MYS,13910770.76
2010,NPL,35360.15
2010,OMN,318853.97
2010,PAK,3995466.31
2010,PHL,2643377.94
2010,PRK,1978
2010,QAT,1064671.49
2010,SAU,5057895.97
2010,SGP,4820205.92
2010,SYR,4739037.53
2010,THA,31100270.61
2010,TJK,199605.03
2010,TKM,24553782.17
2010,TUR,208562543.5
2010,UZB,5662541.31
2010,VNM,10576920.98
2010,XXB,8583145.19
2010,ALB,218679
2010,AND,36950
2010,AUT,65697306.27
2010,BGR,94461750.85
2010,BIH,57376
2010,BLR,32289277.83
2010,BLX,40470417.19
2010,CHE,71955868.83
2010,CZE,25438247.47
2010,DEU,163975533.4
2010,DNK,9001450.06
2010,ESP,24771340.23
2010,EST,1378001.29
2010,FIN,12305686.06
2010,FRA,77034459.65
2010,GBR,36642969.9
2010,GRC,47438794.19
2010,HRV,8992139.59
2010,HUN,23189442.32
2010,IRL,4245199.54
2010,ISL,498655.11
2010,ITA,129171000.6
2010,LTU,3454182.04
2010,LVA,3409345.35
2010,MDA,1547280.25
2010,MKD,231624.33
2010,MLT,56604.5
2010,MNE,794576
2010,NLD,32983807.46
2010,NOR,2309240.86
2010,POL,30315854.06
2010,PRT,4058154.16
2010,ROU,74320849.87
2010,RUS,734358428
2010,SRB,1183133.21
2010,SVK,8666216.27
2010,SVN,8086813.91
2010,SWE,39793400.19
2010,UKR,217314153.8
2010,BHS,13411.79
2010,BRB,248411
2010,CAN,30141674.21
2010,CRI,808586.07
2010,CUB,164875.89
2010,DOM,265564.49
2010,GRD,5200
2010,GTM,91047.46
2010,HND,155509
2010,HTI,53486
2010,MEX,4319306.58
2010,NIC,13688.35
2010,PAN,21479.81
2010,SLV,130680.46
2010,USA,137805795.5
2010,VGB,53653.82
2010,AUS,11688526.94
2010,NZL,12256578.39
2010,PCN,5931.08
2010,ARG,4594877.99
2010,BRA,49144579.32
2010,CHL,1097248.81
2010,COL,3299952.87
2010,ECU,10178074.49
2010,PER,45781.13
2010,PRY,211127.57
2010,URY,108708.56
2010,XXA,968653.79
2011,BDI,11818.74
2011,BEN,27799
2011,CIV,3322193.41
2011,COD,4160
2011,EGY,7564877.36
2011,ETH,444417.67
2011,GAB,84770.83
2011,GHA,773188.92
2011,KEN,76378.54
2011,MAR,1038265.72
2011,MDG,25193
2011,MLI,4804.08
2011,MRT,55635.99
2011,MUS,60371.51
2011,MWI,963184.23
2011,NER,1240
2011,NGA,674760.11
2011,STP,23637
2011,TUN,756849.53
2011,TZA,22851.99
2011,UGA,4812506.63
2011,ZAF,6673698.8
2011,ZMB,67842
2011,ZWE,632612.46
2011,ARE,48442607.07
2011,BGD,1067874
2011,BHR,67603
2011,CHN,395929946.8
2011,CYP,3449289.77
2011,GEO,203038163.9
2011,HKG,4132421.76
2011,IDN,28678130.33
2011,IND,67947656.92
2011,IRN,224767428.1
2011,IRQ,14166678.91
2011,ISR,25576122.81
2011,JOR,121849.72
2011,JPN,43718862.01
2011,KAZ,21921603.04
2011,KGZ,23988
2011,KHM,315730
2011,KOR,53908137.24
2011,KWT,769583.06
2011,LAO,889510.95
2011,LBN,4307353.01
2011,LKA,2385667.71
2011,MMR,93272.8
2011,MYS,19686801.79
2011,OMN,364041.49
2011,PAK,4717655.54
2011,PHL,2144001.52
2011,PRK,9156
2011,QAT,1709841.42
2011,SAU,4932174.11
2011,SGP,4631153.75
2011,SYR,5557924.82
2011,THA,28919468.67
2011,TJK,77678.82
2011,TKM,24181743.86
2011,TUR,237500853.9
2011,UZB,2858425.69
2011,VNM,9897068.12
2011,XXB,10035907.84
2011,YEM,2943083
2011,ALB,332768.15
2011,AND,26975
2011,AUT,73531631.78
2011,BGR,86103293.46
2011,BIH,168104
2011,BLR,28229543.89
2011,BLX,74129665.25
2011,CHE,78641773.35
2011,CZE,86823656.55
2011,DEU,176191485.7
2011,DNK,8249371.55
2011,ESP,47644248.67
2011,EST,4119005.29
2011,FIN,13918948.72
2011,FRA,85781460.19
2011,GBR,46464545.32
2011,GRC,56187099.29
2011,HRV,1295247.51
2011,HUN,24791613.8
2011,IRL,4969413.27
2011,ISL,83457.51
2011,ITA,171872947.9
2011,LTU,4788471.19
2011,LVA,3682198.67
2011,MDA,2344167.56
2011,MKD,315197.82
2011,MLT,1751.54
2011,MNE,64104
2011,NLD,52056381.25
2011,NOR,1137869.97
2011,POL,35794458.32
2011,PRT,5411748.27
2011,ROU,88080627.15
2011,RUS,819192574.8
2011,SMR,1690
2011,SRB,998835.46
2011,SVK,9850635.99
2011,SVN,8958029.15
2011,SWE,23457315.02
2011,UKR,241632704.3
2011,AIA,5080.17
2011,BHS,1010.91
2011,BLZ,3776.17
2011,CAN,29953740.36
2011,CRI,961418.97
2011,CUB,65397.8
2011,DOM,280876.43
2011,GTM,26534.34
2011,HND,132176.84
2011,MEX,6401167.81
2011,NIC,57416
2011,PAN,10536.47
2011,SLV,205139.39
2011,TTO,2954.55
2011,USA,134468961.8
2011,VGB,226433.02
2011,AUS,4098762
2011,NCL,1870.49
2011,NRU,2661
2011,NZL,12645163
2011,ARG,6332445.96
2011,BOL,10347.28
2011,BRA,79273481.04
2011,CHL,643240.31
2011,COL,1087383.3
2011,ECU,14715529.26
2011,FLK,26397.59
2011,PER,81560.57
2011,PRY,5836.3
2011,URY,214610.11
2011,VEN,1104.44
2011,XXA,195645.76
2012,BEN,1290
2012,CIV,2891644.83
2012,CMR,13429.02
2012,COD,10504
2012,COM,1148.22
2012,EGY,6219700.54
2012,ETH,458124.92
2012,GAB,65496.12
2012,GHA,395681.55
2012,KEN,55912.13
2012,MAR,1137459.61
2012,MDG,43751.76
2012,MRT,32405.49
2012,MUS,160385.82
2012,MWI,3744651.99
2012,NER,1294
2012,NGA,420599.5
2012,SDN,8720.18
2012,SEN,18666
2012,SOM,7622.45
2012,TUN,767483
2012,TZA,7369
2012,UGA,1563591.55
2012,ZAF,4699732.48
2012,ZMB,105773
2012,AFG,1954.1
2012,ARE,47227211.02
2012,BGD,2083377
2012,BHR,41718
2012,CHN,386046244.7
2012,CYP,2362418.53
2012,GEO,246432715
2012,HKG,6486404.79
2012,IDN,25857231.38
2012,IND,67543673.4
2012,IRN,201499030
2012,IRQ,31510241.38
2012,ISR,53524316.32
2012,JOR,86698.71
2012,JPN,59952982.97
2012,KAZ,8123362.13
2012,KGZ,753536.72
2012,KHM,609038
2012,KOR,47281094.07
2012,KWT,159964.16
2012,LAO,40206.88
2012,LBN,2768002.92
2012,LKA,2776475.66
2012,MDV,1094
2012,MMR,499869.56
2012,MYS,15690594.55
2012,OMN,474885.64
2012,PAK,3211264.07
2012,PHL,2225098.51
2012,PRK,77130.47
2012,QAT,746216.65
2012,SAU,3050997.6
2012,SGP,5013580.84
2012,SYR,2576612.49
2012,THA,23524972.53
2012,TJK,112526.7
2012,TKM,13302876.07
2012,TUR,210472372.2
2012,UZB,2667447.32
2012,VNM,16361877.16
2012,XXB,10474605.69
2012,YEM,9229753
2012,ALB,345456.11
2012,AND,15840
2012,AUT,46986094.77
2012,BGR,74167776.4
2012,BIH,96825.4
2012,BLR,31515163.57
2012,BLX,87000682.3
2012,CHE,93226748.05
2012,CZE,36546609.91
2012,DEU,182830484.5
2012,DNK,7500541.91
2012,ESP,48826707.5
2012,EST,9051241.47
2012,FIN,21731117.12
2012,FRA,69143286.42
2012,GBR,38216529.16
2012,GRC,29230471.91
2012,HRV,2335111.04
2012,HUN,18762636.49
2012,IRL,6776089.99
2012,ISL,117989.06
2012,ITA,172511795.5
2012,LTU,5418105.51
2012,LVA,2854546.7
2012,MDA,1510474.59
2012,MKD,382064.65
2012,MLT,8530.23
2012,NLD,53787900.35
2012,NOR,1448641.52
2012,POL,48430006.88
2012,PRT,6080679.71
2012,ROU,74024563.66
2012,RUS,586669349.7
2012,SMR,145781.32
2012,SRB,1726189.53
2012,SVK,7014427.17
2012,SVN,8464918.38
2012,SWE,32216295.25
2012,UKR,196218054.3
2012,CAN,13816975.22
2012,CRI,3350865.45
2012,CUB,208017.43
2012,DOM,208103.39
2012,GRD,1157
2012,GTM,48075.85
2012,HND,169177.85
2012,HTI,12687
2012,JAM,1664.08
2012,MEX,8666346.47
2012,NIC,6932.84
2012,PAN,892591.24
2012,SLV,90107
2012,TTO,8187.54
2012,USA,125850147.6
2012,VGB,858272.49
2012,AUS,4664841.11
2012,FJI,130666
2012,NZL,16686002.23
2012,PNG,49307.6
2012,VUT,1085
2012,ARG,7209187.74
2012,BOL,7254.07
2012,BRA,83761588.77
2012,CHL,966666.57
2012,COL,1277461.09
2012,ECU,13501119.97
2012,PER,145338.93
2012,PRY,3750.58
2012,URY,375197.68
2012,XXA,615606.76
2013,BEN,4469
2013,CIV,2627960.51
2013,CMR,163800.16
2013,COM,4007.59
2013,EGY,5223215.98
2013,ETH,425498.21
2013,GAB,37795.06
2013,GHA,666550.95
2013,GMB,7178
2013,KEN,2757021.81
2013,MAR,1980106.93
2013,MDG,80363.09
2013,MRT,1231
2013,MUS,228357.89
2013,MWI,2983706.55
2013,NER,1733
2013,NGA,659918.32
2013,SLE,12726.71
2013,SOM,3002
2013,STP,2853
2013,TGO,25229.41
2013,TUN,1275797.37
2013,TZA,55257.04
2013,UGA,1922674.24
2013,ZAF,47069926.13
2013,ZWE,9477278.46
2013,AFG,4495.82
2013,ARE,66601814.55
2013,BGD,5659707
2013,BHR,4813
2013,CHN,375365098.6
2013,CYP,1585422.24
2013,GEO,257698363.7
2013,HKG,8058077.79
2013,IDN,28732437.89
2013,IND,72845809.88
2013,IRN,176789352.8
2013,IRQ,27175240.2
2013,ISR,51741360.25
2013,JOR,1144290.5
2013,JPN,43695515.37
2013,KAZ,941397.42
2013,KGZ,63614
2013,KHM,1260669.03
2013,KOR,50551974.6
2013,KWT,356463.9
2013,LAO,15689
2013,LBN,1781090.3
2013,LKA,2347184.78
2013,MAC,3456
2013,MMR,158344.15
2013,MYS,16214302.85
2013,NPL,96997
2013,OMN,1053121.76
2013,PAK,3635475.24
2013,PHL,1869514.55
2013,QAT,542154.42
2013,SAU,3710843.8
2013,SGP,3738068.13
2013,SYR,1084384.3
2013,THA,21047309.33
2013,TJK,766132.47
2013,TKM,2570437.75
2013,TLS,45600
2013,TUR,208152972.6
2013,UZB,1528957.19
2013,VNM,14181790.45
2013,XXB,13930950.51
2013,ALB,458611.47
2013,AUT,73217456.51
2013,BGR,60802562.93
2013,BIH,154654.62
2013,BLR,35337583.02
2013,BLX,88995533.81
2013,CHE,167164971.2
2013,CZE,26275275.6
2013,DEU,182407594.4
2013,DNK,6886750
2013,ESP,55034482.35
2013,EST,2998274.04
2013,FIN,22795970.36
2013,FRA,67832713.49
2013,GBR,50886568.76
2013,GRC,23240830.16
2013,HRV,2400818.8
2013,HUN,17881961.14
2013,IRL,7170250.94
2013,ISL,161699
2013,ITA,167696822.3
2013,LTU,9553132.14
2013,LVA,2841715.57
2013,MDA,1414619.26
2013,MKD,307348.34
2013,MLT,42068
2013,NLD,48788423.91
2013,NOR,1695161.57
2013,POL,46225938.66
2013,PRT,8952757.19
2013,ROU,100666927.3
2013,RUS,1016508093
2013,SMR,9882
2013,SRB,2730891.67
2013,SVK,8584383.78
2013,SVN,9438190.67
2013,SWE,23533854.15
2013,UKR,197008222.5
2013,AIA,2423
2013,CAN,23082393.19
2013,CRI,2921928.86
2013,CUB,146786.74
2013,DOM,107430.87
2013,GTM,32181.95
2013,HND,238008.87
2013,HTI,24595
2013,MEX,7702894.83
2013,NIC,27319.53
2013,PAN,1661416.59
2013,SLV,103025.57
2013,USA,118502995.9
2013,VGB,112940
2013,AUS,6905476.36
2013,FSM,3690.06
2013,NZL,16841878.44
2013,ARG,10932329.66
2013,BOL,15185.75
2013,BRA,61133852.7
2013,CHL,1736864.64
2013,COL,769417.21
2013,ECU,7643004.08
2013,PER,272986.5
2013,PRY,275596.71
2013,URY,172039.43
2013,XXA,5070637.01
2014,BDI,1048
2014,CIV,1747882.24
2014,CMR,49752.43
2014,DZA,70849.78
2014,EGY,9018561.21
2014,ERI,9030
2014,ETH,365563.63
2014,GHA,1297720.61
2014,GIN,50059.06
2014,KEN,6313.2
2014,LBR,117382.89
2014,MAR,2153468.34
2014,MDG,145218.94
2014,MRT,1249
2014,MUS,127221.41
2014,MWI,5917158.58
2014,NGA,1274378.02
2014,SEN,215656
2014,SLE,651750.17
2014,TGO,91855.45
2014,TUN,1013438
2014,TZA,680281.03
2014,UGA,163065.01
2014,ZAF,8015935.09
2014,ZWE,6032096.76
2014,AFG,46757
2014,ARE,67162424.22
2014,BGD,6455961.16
2014,BHR,60865
2014,CHN,403211612.8
2014,CYP,1853991.77
2014,GEO,254997646.7
2014,HKG,6228054.45
2014,IDN,25159671.63
2014,IND,74255565.54
2014,IRN,194618463.2
2014,IRQ,24496230.04
2014,ISR,34237188.46
2014,JOR,5120260.3
2014,JPN,41586962.52
2014,KAZ,572227.54
2014,KGZ,95084
2014,KHM,1580605.08
2014,KOR,37836469.07
2014,KWT,131774
2014,LAO,8024
2014,LBN,1593995.45
2014,LKA,2889429.41
2014,MAC,2307
2014,MDV,1086
2014,MMR,113866
2014,MYS,13204690.63
2014,NPL,33578
2014,OMN,1657024.59
2014,PAK,4141769.42
2014,PHL,2083412.02
2014,PRK,4896
2014,PSE,58062
2014,QAT,268009.08
2014,SAU,5182905.28
2014,SGP,4144186.01
2014,SYR,595812.19
2014,THA,38899608.13
2014,TJK,335098
2014,TKM,1162715.54
2014,TLS,1817
2014,TUR,227995471.5
2014,UZB,1200846.47
2014,VNM,28877474.15
2014,XXB,16503365.61
2014,ALB,141425
2014,AUT,76011159.76
2014,BGR,29902904.76
2014,BIH,90011.44
2014,BLR,27397308.24
2014,BLX,101854323.4
2014,CHE,146965653.6
2014,CZE,25526084.73
2014,DEU,182118137.4
2014,DNK,7638985.48
2014,ESP,48883822.78
2014,EST,3349819.94
2014,FIN,26033815.24
2014,FRA,81091561.49
2014,GBR,51135010.36
2014,GRC,17261662.24
2014,HRV,1530217.96
2014,HUN,19724578.87
2014,IRL,9904287.58
2014,ISL,50662.73
2014,ITA,188121806.7
2014,LTU,9413224.5
2014,LVA,4769051.96
2014,MDA,3655898.85
2014,MKD,457567.2
2014,MLT,87729
2014,MNE,3484
2014,NLD,52227878.66
2014,NOR,1485289.2
2014,POL,53497073.68
2014,PRT,8460861.7
2014,ROU,37497791.65
2014,RUS,989518526.8
2014,SMR,11797
2014,SRB,2280560.2
2014,SVK,9565313.37
2014,SVN,12507293.05
2014,SWE,27818812.51
2014,UKR,181970098.4
2014,BHS,2015.32
2014,CAN,19020927.73
2014,CRI,1401962.35
2014,CUB,152647.25
2014,DOM,111319.47
2014,GTM,27528
2014,HND,28664.44
2014,HTI,2321
2014,MEX,6693322.47
2014,NIC,8866
2014,PAN,88532.76
2014,SLV,59356.23
2014,USA,110184009.1
2014,VGB,12384
2014,ASM,3100
2014,AUS,8727414.04
2014,NRU,5536
2014,NZL,17453095.56
2014,TON,12404
2014,ARG,5338720.17
2014,BOL,2182.83
2014,BRA,84426179.68
2014,CHL,2503118.63
2014,COL,421574.3
2014,ECU,8682598.07
2014,PER,510047.09
2014,PRY,734791.71
2014,URY,23207.05
2015,BFA,1320
2015,CAF,5718
2015,CIV,1355250.18
2015,CMR,63312.73
2015,COM,1855
2015,DZA,2514
2015,EGY,8517859.42
2015,ERI,1767
2015,ETH,249129.64
2015,GHA,973529.4
2015,KEN,8992.18
2015,MAR,2757020.32
2015,MDG,70685
2015,MLI,1563
2015,MRT,4521.88
2015,MUS,131256.54
2015,MWI,2541980.17
2015,NER,21534.4
2015,NGA,689622.28
2015,RWA,6521.77
2015,SEN,4721
2015,SLE,2380
2015,TGO,749307.61
2015,TUN,835743
2015,TZA,18008.03
2015,UGA,81320.81
2015,ZAF,11045271.54
2015,ZMB,3232.05
2015,ZWE,7733014.85
2015,ARE,43271009.88
2015,AZE,416405.88
2015,BGD,7791040.64
2015,BHR,84414
2015,CHN,306729003.9
2015,CYP,1225828.81
2015,GEO,151486783.7
2015,HKG,5304515.46
2015,IDN,24921690.26
2015,IND,52162045.13
2015,IRN,185641966.7
2015,IRQ,1598413.38
2015,ISR,8162374.76
2015,JOR,165525.9
2015,JPN,43291544.83
2015,KAZ,807385.74
2015,KGZ,166439.2
2015,KHM,1942340
2015,KOR,31115563.25
2015,KWT,42180.34
2015,LAO,8443
2015,LBN,1214810.02
2015,LKA,2117936.37
2015,MMR,44596
2015,MYS,12386841.34
2015,NPL,38750
2015,OMN,652099.78
2015,PAK,4116663.46
2015,PHL,1823192.85
2015,PRK,39104.46
2015,PSE,127965
2015,QAT,304564.69
2015,SAU,3249681.41
2015,SGP,2513398.49
2015,SYR,188248.66
2015,THA,11777602.71
2015,TKM,491202.52
2015,TUR,134292463.2
2015,UZB,1623522.6
2015,VNM,14641500.7
2015,XXB,10820976.47
2015,ALB,152232
2015,AND,1194.12
2015,AUT,20526452.51
2015,BGR,28542799.86
2015,BIH,207768.17
2015,BLR,27216875.97
2015,BLX,58640499.89
2015,CHE,49304588.17
2015,CZE,24202454.02
2015,DEU,184293519.8
2015,DNK,10483573.24
2015,ESP,26648652.86
2015,EST,4970951.04
2015,FIN,13880839.19
2015,FRA,65021411.65
2015,GBR,30879369.36
2015,GRC,17133247.37
2015,HRV,2450129.52
2015,HUN,13608354.63
2015,IRL,8206325.27
2015,ISL,51413.22
2015,ITA,146516262.5
2015,LTU,16559347.16
2015,LVA,6436850.24
2015,MDA,1197544.87
2015,MKD,539730.82
2015,MLT,150578
2015,MNE,2056
2015,NLD,33722179.53
2015,NOR,2139373.11
2015,POL,42638355.91
2015,PRT,8632980.05
2015,ROU,17731015.88
2015,RUS,915536076.7
2015,SMR,147152
2015,SRB,1964656.12
2015,SVK,8759323.36
2015,SVN,7348979.36
2015,SWE,24766329.75
2015,UKR,117041478.1
2015,AIA,48550.51
2015,BHS,1651.5
2015,BRB,3103.77
2015,CAN,13097086.67
2015,CRI,711842.31
2015,CUB,110502.24
2015,DOM,147083.78
2015,GTM,105412.06
2015,HND,174115.75
2015,HTI,2275
2015,JAM,2628.56
2015,MEX,6425817.15
2015,NIC,18859.68
2015,PAN,131075.59
2015,SLV,150973.45
2015,USA,108325401.8
2015,AUS,4116221.67
2015,FJI,4046.05
2015,NZL,11263491.33
2015,ARG,10155412.71
2015,BOL,409918.28
2015,BRA,53693564.56
2015,CHL,2133809.26
2015,COL,154593.07
2015,ECU,7424576.36
2015,PER,204047.01
2015,PRY,515342.5
2015,URY,18457.31
2015,VEN,27923.95
2016,AGO,28718
2016,BDI,799
2016,BEN,4673
2016,BFA,33
2016,BWA,1681840
2016,CIV,1419315
2016,CMR,33491
2016,COD,494
2016,COM,4231
2016,EGY,7666224
2016,ETH,389258
2016,GAB,1645
2016,GHA,1007940
2016,GIN,1027
2016,KEN,6714
2016,LSO,969
2016,MAR,1856172
2016,MDG,86860
2016,MLI,8313
2016,MRT,2750
2016,MUS,155032
2016,MWI,4201170
2016,NAM,139334
2016,NER,1607
2016,NGA,635270
2016,RWA,225
2016,SDN,34752
2016,SEN,328
2016,SLE,693247
2016,SOM,1000
2016,SWZ,2412
2016,TGO,934353
2016,TUN,873533
2016,TZA,169459
2016,UGA,39566
2016,ZAF,13004201
2016,ZWE,6813831
2016,AFG,81687
2016,ARE,57798774
2016,AZE,2188925
2016,BGD,11841977
2016,CHN,363469598
2016,CYP,2520329
2016,GEO,95020573
2016,HKG,2797890
2016,IDN,23859035
2016,IND,69395025
2016,IRN,164894399
2016,IRQ,103373
2016,ISR,4665352
2016,JOR,174242
2016,JPN,32383726
2016,KAZ,676029
2016,KGZ,81455
2016,KHM,1870354
2016,KOR,16714635
2016,KWT,8546
2016,LAO,8454
2016,LBN,1042031
2016,LKA,1820036
2016,MAC,3697
2016,MMR,167180
2016,MYS,13064819
2016,NPL,24529
2016,OMN,207006
2016,PAK,3563100
2016,PHL,1427546
2016,PRK,49751
2016,PSE,123441
2016,QAT,414013
2016,SAU,7861275
2016,SGP,1126680
2016,SYR,605503
2016,THA,15208959
2016,TKM,4672107
2016,TUR,168950313
2016,UZB,1588532
2016,VNM,24349244
2016,YEM,126
2016,ALB,223992
2016,AND,11066
2016,AUT,18007666
2016,BEL,56966464
2016,BGR,31968587
2016,BIH,212434
2016,BLR,23203366
2016,CHE,37554827
2016,CZE,15097322
2016,DEU,160432875
2016,DNK,5158028
2016,ESP,25822836
2016,EST,9952151
2016,FIN,18879973
2016,FRA,52519518
2016,FRO,82174
2016,GBR,28011094
2016,GIB,66
2016,GRC,21302182
2016,HRV,1399115
2016,HUN,10777594
2016,IRL,9152524
2016,ISL,187652
2016,ITA,127396287
2016,LTU,4797005
2016,LUX,773365
2016,LVA,1559576
2016,MDA,1018441
2016,MKD,335363
2016,MLT,217708
2016,MNE,11729
2016,NLD,27996820
2016,NOR,1766801
2016,POL,36651336
2016,PRT,5873544
2016,ROU,12509639
2016,RUS,990575993
2016,SMR,669
2016,SRB,2222915
2016,SVK,4422129
2016,SVN,6921071
2016,SWE,13979921
2016,UKR,98887741
2016,VAT,2066
2016,AIA,129209
2016,BHS,2469
2016,BLM,3747
2016,BRB,14387
2016,CAN,11887012
2016,CRI,590801
2016,CUB,87074
2016,DMA,379
2016,DOM,128551
2016,GRD,10467
2016,GRL,1881
2016,GTM,14571
2016,HND,181312
2016,HTI,3263
2016,JAM,3048
2016,KNA,1304
2016,MEX,7627960
2016,NIC,10166
2016,PAN,72235
2016,SLV,155484
2016,TTO,25964
2016,USA,79103259
2016,ASM,2088
2016,AUS,2570652
2016,FJI,2553
2016,NIU,103
2016,NRU,633
2016,NZL,12832853
2016,ARG,9092968
2016,BOL,9421
2016,BRA,48856297
2016,CHL,1014367
2016,COL,295412
2016,ECU,8455565
2016,GUY,636
2016,PER,248323
2016,PRY,216513
2016,SUR,313
2016,URY,2366
